Region,Year,Rate
Europe,2019,46.10036813
Europe,2019,0
Asia,2019,0.757103376
Asia,2019,44.07756757
Europe,2019,35.55955516
Asia,2019,3.580445033
Europe,2019,42.19964496
Europe,2019,8.386532863
Europe,2019,22.44784314
Americas,2019,0.518365025
Americas,2019,2.638932627
Americas,2019,2.133655752
Asia,2019,0.915243246
Europe,2019,0.163217264
Americas,2019,2.969098869
Africa,2019,1.619220818
Americas,2019,22.32508485
Americas,2019,66.12590504
Asia,2019,1.16579873
Europe,2019,22.16037613
Europe,2019,4.962949226
Americas,2019,86.91745052
Europe,2019,87.02204624
Africa,2019,2.596169966
Americas,2019,6.505182246
Europe,2019,2.053330993
Europe,2019,5.426502359
Europe,2019,71.71627737
Europe,2019,3.643723889
Europe,2019,3.313015943
Asia,2019,16.72495159
Europe,2019,5.728373141
Americas,2019,0
Americas,2019,33.68256854
Americas,2019,2.723901618
Americas,2019,2.574511621
Europe,2019,19.6922762
Europe,2019,18.48450308
Europe,2019,0.101348112
Europe,2019,5.769153757
Americas,2019,1.133437066
Asia,2019,1.518006438
Africa,2019,0.253892229
Americas,2019,0
Europe,2019,28.61602497
Europe,2019,17.70982928
Europe,2019,0.16124793
Europe,2019,18.49275674
Asia,2019,0.149037071
Europe,2019,30.55360825
Americas,2019,20.98471225
Europe,2019,0.368879045
Europe,2019,0.793626386
Europe,2019,28.11989867
Asia,2019,16.18136244
Asia,2019,3.107002087
Europe,2019,37.6621375
Europe,2019,0.878877498
Asia,2019,1.589984059
Americas,2019,21.51273744
Americas,2019,3.208081234
Asia,2019,0.05866178
Europe,2019,16.32663333
Europe,2019,1.643589859
Americas,2019,20.1993597
Europe,2019,20.97270052
Europe,2019,21.14949249
Asia,2019,29.22605287
Asia,2019,10.40644671
Americas,2019,1.173196321
Europe,2019,15.11594815
Europe,2019,2.495126477
Europe,2019,10.51146434
Asia,2019,10.36180744
Americas,2019,0.740793619
Europe,2019,3.897017487
Americas,2019,12.30423064
Americas,2019,3.995677001
Europe,2020,29.49212096
Asia,2020,0.730272792
Asia,2020,38.53481235
Europe,2020,32.27070176
Asia,2020,3.05449074
Europe,2020,37.72062079
Europe,2020,7.009293227
Americas,2020,164.4510404
Europe,2020,27.36903138
Americas,2020,0.255877834
Americas,2020,2.631957662
Americas,2020,0
Asia,2020,0.259738236
Europe,2020,0.243039198
Americas,2020,2.049495153
Africa,2020,0.70582244
Americas,2020,20.0158019
Americas,2020,62.23283383
Asia,2020,0.998274138
Europe,2020,16.00928216
Europe,2020,4.986325958
Americas,2020,35.51714442
Europe,2020,66.41481738
Africa,2020,3.396750622
Americas,2020,6.54847701
Europe,2020,1.59817149
Europe,2020,6.091739338
Europe,2020,73.07926849
Europe,2020,3.486822432
Europe,2020,2.360043908
Europe,2020,5.673231758
Americas,2020,0
Americas,2020,29.04249275
Americas,2020,4.582148322
Americas,2020,1.966473018
Europe,2020,13.60661899
Europe,2020,24.38084626
Europe,2020,0.160558535
Europe,2020,6.292481658
Americas,2020,1.165773319
Asia,2020,1.07682973
Asia,2020,11.2564769
Africa,2020,0.254704695
Americas,2020,0
Europe,2020,25.79513504
Europe,2020,19.70838388
Europe,2020,0.792899427
Europe,2020,9.573286533
Asia,2020,0.292797261
Africa,2020,67.1628589
Americas,2020,19.42206911
Europe,2020,0.320510167
Europe,2020,3.087572232
Europe,2020,25.33165552
Asia,2020,9.541794809
Africa,2020,41.92568244
Asia,2020,2.528802492
Europe,2020,33.39621158
Europe,2020,0.743594837
Oceania,2020,0
Asia,2020,0.796020517
Americas,2020,16.1415763
Americas,2020,4.878408337
Europe,2020,19.66151696
Europe,2020,1.484978717
Americas,2020,15.33979346
Europe,2020,17.60477224
Europe,2020,21.05125822
Asia,2020,16.33408216
Americas,2020,0.850084611
Europe,2020,10.79936744
Europe,2020,2.401456199
Europe,2020,14.84004501
Europe,2020,191.1493071
Asia,2020,9.286519032
Americas,2020,0.067520873
Europe,2020,4.068933326
Americas,2020,13.79830584
Americas,2020,2.767236125
Europe,2021,34.28508664
Asia,2021,0.85810183
Asia,2021,33.09702637
Americas,2021,0
Europe,2021,32.50788037
Asia,2021,4.475116472
Europe,2021,42.51202602
Europe,2021,8.215522379
Americas,2021,191.486302
Europe,2021,24.00684765
Americas,2021,0
Americas,2021,3.074381734
Americas,2021,0.708851607
Europe,2021,0.689098864
Americas,2021,1.860576612
Americas,2021,19.29937977
Americas,2021,63.97249005
Asia,2021,0.910948347
Europe,2021,13.25650071
Europe,2021,6.105350207
Americas,2021,61.01008899
Europe,2021,81.56363829
Africa,2021,3.527616692
Americas,2021,5.632702179
Europe,2021,2.226846601
Europe,2021,6.532760102
Europe,2021,66.77404655
Europe,2021,4.153832692
Europe,2021,2.171572474
Europe,2021,7.15530635
Americas,2021,0.856989823
Americas,2021,30.53643232
Americas,2021,5.150328272
Americas,2021,7.385900113
Europe,2021,23.23797779
Europe,2021,67.12094167
Asia,2021,0.131522821
Europe,2021,0.178982467
Europe,2021,6.432348586
Americas,2021,0.176200183
Asia,2021,0.77713025
Africa,2021,0.180386143
Asia,2021,29.76330766
Americas,2021,10.69221393
Americas,2021,0
Europe,2021,35.85698187
Europe,2021,22.32967584
Europe,2021,0.624732536
Europe,2021,10.87194598
Asia,2021,0.144008802
Americas,2021,19.48637758
Europe,2021,0.378151998
Europe,2021,4.958269488
Europe,2021,29.47749484
Asia,2021,10.03091919
Africa,2021,48.68619559
Asia,2021,2.415233578
Africa,2021,2.917581005
Europe,2021,30.00468654
Europe,2021,0.57321526
Oceania,2021,0
Asia,2021,0.422182443
Americas,2021,19.35377715
Americas,2021,4.919187491
Europe,2021,16.05928386
Europe,2021,2.040235857
Americas,2021,16.35203829
Asia,2021,0.284193647
Europe,2021,20.86952618
Asia,2021,19.61671676
Americas,2021,1.134950126
Europe,2021,17.13132897
Europe,2021,3.417384455
Europe,2021,11.7814387
Africa,2021,0
Asia,2021,9.300499285
Americas,2021,11.95279705
Europe,2021,0
Americas,2021,0.972374831
Europe,2022,41.73138568
Asia,2022,31.17109058
Americas,2022,0
Europe,2022,34.03320383
Europe,2022,45.30219502
Europe,2022,7.82318546
Americas,2022,135.3328042
Europe,2022,21.65500396
Americas,2022,0.7449104
Americas,2022,3.568721571
Americas,2022,0
Europe,2022,0.648303231
Americas,2022,1.836031964
Americas,2022,18.82370914
Americas,2022,63.75738191
Asia,2022,1.802654409
Europe,2022,15.08449236
Europe,2022,5.860650639
Americas,2022,40.40313349
Europe,2022,58.97097928
Americas,2022,4.84742478
Europe,2022,3.167575236
Europe,2022,12.22139388
Europe,2022,65.93289389
Europe,2022,3.778059608
Europe,2022,2.639574228
Europe,2022,6.261716709
Americas,2022,0
Americas,2022,28.67567947
Americas,2022,0.365124745
Americas,2022,8.648806102
Europe,2022,30.38115682
Europe,2022,11.4721701
Asia,2022,0.093605245
Europe,2022,0.17612471
Europe,2022,6.157421208
Americas,2022,0.105665651
Asia,2022,1.066073125
Africa,2022,0.175107265
Asia,2022,24.48320737
Americas,2022,4.281784219
Americas,2022,0
Europe,2022,27.97771956
Europe,2022,18.6373803
Europe,2022,0
Europe,2022,10.57912468
Asia,2022,0
Africa,2022,55.18756109
Americas,2022,17.14521849
Europe,2022,0.869455118
Europe,2022,4.35447716
Asia,2022,0.078129669
Europe,2022,54.66547899
Asia,2022,2.363419364
Europe,2022,30.46733541
Europe,2022,0.7513559
Oceania,2022,0
Asia,2022,0.528515974
Americas,2022,20.72363196
Americas,2022,4.218017999
Europe,2022,13.99738585
Europe,2022,1.67993455
Americas,2022,17.42483948
Europe,2022,20.53032142
Asia,2022,23.39870842
Americas,2022,0.891674452
Europe,2022,14.73963379
Europe,2022,2.503107645
Europe,2022,29.54764215
Europe,2022,185.8431568
Asia,2022,8.709794863
Americas,2022,11.7077613
Americas,2022,23.25683224
Europe,2022,0
Americas,2022,0.979950219
Africa,2022,0.248925645
Europe,2023,31.08489484
Asia,2023,47.70005229
Americas,2023,0
Europe,2023,49.31860266
Europe,2023,42.73069002
Europe,2023,8.416959703
Europe,2023,21.75774307
Americas,2023,4.565441997
Europe,2023,0.338197325
Americas,2023,2.985934823
Americas,2023,21.96434798
Americas,2023,64.34205451
Asia,2023,0.520455577
Europe,2023,14.62573115
Europe,2023,6.282804427
Europe,2023,120.5587666
Africa,2023,1.76327038
Americas,2023,5.027785467
Europe,2023,2.477480418
Europe,2023,5.193110571
Europe,2023,72.87742925
Europe,2023,3.889292318
Europe,2023,3.916139961
Europe,2023,6.111545368
Americas,2023,0
Americas,2023,23.15055238
Americas,2023,0.121013659
Americas,2023,7.195967327
Europe,2023,22.12512322
Europe,2023,21.8552416
Europe,2023,0.038486481
Europe,2023,4.638698107
Americas,2023,6.514575394
Asia,2023,0.856702255
Asia,2023,20.65451048
Americas,2023,0
Europe,2023,32.82994091
Europe,2023,11.52728059
Europe,2023,8.340434213
Africa,2023,63.65527827
Americas,2023,19.06663015
Europe,2023,1.201003493
Europe,2023,14.44772176
Asia,2023,0.024014572
Europe,2023,16.415385
Asia,2023,2.920888504
Europe,2023,29.98475973
Europe,2023,0.507322935
Oceania,2023,0
Asia,2023,0.336682399
Asia,2023,0.021759717
Europe,2023,8.846100261
Europe,2023,2.137912006
Americas,2023,15.95524117
Europe,2023,16.97833852
Asia,2023,10.96890971
Europe,2023,10.34961165
Europe,2023,1.486030992
Europe,2023,10.00757177
Europe,2023,196.9768452
Asia,2023,16.91574352
Americas,2023,11.6290035
Africa,2023,0.318221455
Europe,2019,10.57188893
Europe,2019,0
Asia,2019,0.597151958
Asia,2019,11.15713429
Americas,2019,0
Europe,2019,0.427885718
Asia,2019,0.801149303
Europe,2019,0.870275211
Europe,2019,1.863673969
Americas,2019,0.760120048
Europe,2019,2.421138874
Europe,2019,19.88252881
Americas,2019,0.518365025
Americas,2019,0.008567963
Americas,2019,0
Asia,2019,0
Europe,2019,0.151558888
Americas,2019,0.984490678
Africa,2019,1.603538292
Americas,2019,1.414603294
Americas,2019,1.820162541
Asia,2019,1.088078814
Europe,2019,1.155863996
Europe,2019,4.962949226
Americas,2019,0
Europe,2019,0.791109511
Africa,2019,0.224046696
Americas,2019,0.605535581
Europe,2019,0.168651416
Europe,2019,2.788619268
Europe,2019,0.235432224
Europe,2019,0.349919204
Europe,2019,0
Europe,2019,0.164735599
Asia,2019,1.92271097
Europe,2019,1.77262361
Americas,2019,0
Americas,2019,3.607384966
Americas,2019,0.37144113
Americas,2019,0.211190406
Europe,2019,0.978342384
Europe,2019,3.960964946
Asia,2019,0.332556132
Asia,2019,1.051114909
Europe,2019,0.765007417
Americas,2019,0.070839817
Asia,2019,1.433672747
Africa,2019,0.083979737
Asia,2019,1.67846339
Americas,2019,0
Europe,2019,2.719084899
Europe,2019,0.16124793
Europe,2019,5.38066086
Asia,2019,0.149037071
Europe,2019,0.096383622
Americas,2019,2.81958962
Europe,2019,0.368879045
Europe,2019,0.198406597
Asia,2019,0.053190769
Europe,2019,0.163487783
Asia,2019,3.124890261
Asia,2019,2.63751284
Oceania,2019,0
Asia,2019,0.457392674
Americas,2019,2.668429562
Americas,2019,0.181822087
Asia,2019,0.014439823
Europe,2019,10.68647607
Europe,2019,0.676772295
Americas,2019,0.690707588
Europe,2019,3.317686366
Europe,2019,10.40038287
Asia,2019,6.048014309
Asia,2019,9.524544442
Americas,2019,0.016071182
Europe,2019,3.143772692
Europe,2019,1.137484129
Europe,2019,8.879547498
Europe,2019,1.566281177
Asia,2019,0.05452847
Europe,2019,1.496970758
Americas,2019,0.618155128
Asia,2019,3.248929817
Europe,2019,1.139573868
Europe,2020,5.605940347
Asia,2020,0.582101501
Asia,2020,5.430848778
Americas,2020,0
Europe,2020,0.414732881
Asia,2020,1.168760122
Europe,2020,0.649907319
Europe,2020,1.701844858
Americas,2020,0.252612965
Europe,2020,10.27475264
Americas,2020,0.255877834
Americas,2020,0
Americas,2020,0
Asia,2020,0
Europe,2020,0.231465903
Americas,2020,0.820830552
Africa,2020,0.698191927
Americas,2020,1.070511607
Americas,2020,1.926774619
Asia,2020,0.844693501
Europe,2020,1.090034013
Europe,2020,4.986325958
Americas,2020,0
Europe,2020,0.222926059
Africa,2020,0.231596633
Americas,2020,0.71810975
Europe,2020,0.098574882
Europe,2020,3.00826634
Europe,2020,4.828548549
Europe,2020,0.309535151
Europe,2020,0
Europe,2020,0.054884742
Europe,2020,0.598166116
Americas,2020,0
Americas,2020,3.450992493
Americas,2020,0.123841847
Americas,2020,0.177871931
Europe,2020,1.542757915
Europe,2020,20.77038859
Asia,2020,0.040511075
Asia,2020,1.74992523
Europe,2020,0.682659151
Americas,2020,0.105979393
Asia,2020,0.94797831
Asia,2020,6.349412643
Africa,2020,0.143630467
Americas,2020,0
Asia,2020,0.55728589
Europe,2020,11.19550663
Europe,2020,0.792899427
Europe,2020,6.36465753
Asia,2020,0.292797261
Africa,2020,65.1783961
Europe,2020,0.260660102
Americas,2020,2.338345512
Europe,2020,0.320510167
Europe,2020,0.192973265
Asia,2020,0.032065476
Europe,2020,0.986947618
Asia,2020,3.251503326
Africa,2020,0.311715111
Asia,2020,2.227824833
Oceania,2020,0
Asia,2020,0.154781767
Americas,2020,1.723631524
Americas,2020,0.362378647
Europe,2020,13.26923164
Europe,2020,0.597848574
Americas,2020,0.575431541
Europe,2020,3.501359213
Europe,2020,10.98302752
Asia,2020,15.33766756
Americas,2020,0.032078665
Europe,2020,2.605745495
Europe,2020,1.209893963
Europe,2020,14.17414555
Europe,2020,1.468076129
Asia,2020,0.048854376
Europe,2020,1.195165234
Americas,2020,0.61783459
Asia,2020,0.470428899
Europe,2020,2.283865008
Europe,2021,9.229250548
Asia,2021,0.684438364
Asia,2021,8.256837105
Americas,2021,0
Europe,2021,0.635660096
Asia,2021,1.836947373
Europe,2021,0.881526053
Europe,2021,1.468615505
Americas,2021,0.504575236
Europe,2021,4.037095048
Americas,2021,0
Americas,2021,0.008377062
Americas,2021,0
Europe,2021,0.689098864
Americas,2021,0.806935161
Americas,2021,0.978741701
Americas,2021,1.403165522
Asia,2021,0.910948347
Europe,2021,0.902125764
Europe,2021,6.105350207
Americas,2021,0
Europe,2021,0.904934651
Africa,2021,0.214471946
Americas,2021,0.492013142
Europe,2021,0.291186903
Europe,2021,3.07865706
Europe,2021,0.415081911
Europe,2021,0.401007528
Europe,2021,0.052544024
Europe,2021,0.072994033
Europe,2021,2.391403575
Americas,2021,0.856989823
Americas,2021,3.290024994
Americas,2021,0
Americas,2021,0.068028027
Europe,2021,2.624464596
Europe,2021,63.33019481
Asia,2021,0.003974591
Asia,2021,0.705138576
Asia,2021,0.503191098
Europe,2021,0.574257044
Americas,2021,0.10572011
Asia,2021,0.695802665
Africa,2021,0.065765781
Asia,2021,1.700760438
Americas,2021,0
Asia,2021,0.775337367
Americas,2021,0
Europe,2021,12.52465792
Europe,2021,0.624732536
Europe,2021,7.795980774
Asia,2021,0.144008802
Africa,2021,43.97576827
Europe,2021,0.099213616
Americas,2021,2.219381993
Europe,2021,0.378151998
Europe,2021,1.144216036
Europe,2021,1.324831229
Asia,2021,3.563222039
Africa,2021,0.547035905
Asia,2021,2.062282778
Africa,2021,1.209728709
Oceania,2021,0
Asia,2021,0.266641543
Americas,2021,2.20923021
Americas,2021,0.425263909
Europe,2021,13.0309167
Europe,2021,0.962375404
Americas,2021,0.35905665
Asia,2021,0.071048412
Europe,2021,3.964015056
Asia,2021,17.633409
Americas,2021,0.015985213
Europe,2021,2.852783219
Europe,2021,1.763811332
Europe,2021,8.847907777
Europe,2021,3.840197294
Africa,2021,0
Asia,2021,0.043219229
Americas,2021,0.412165416
Americas,2021,0.336342244
Asia,2021,0.578208622
Europe,2021,0
Americas,2021,0
Europe,2021,1.837553917
Europe,2022,17.47059706
Asia,2022,7.705993441
Americas,2022,0
Europe,2022,1.632711237
Europe,2022,0.773075
Europe,2022,1.538266804
Americas,2022,0
Europe,2022,2.870692168
Americas,2022,0.7449104
Americas,2022,0.016560193
Americas,2022,0
Europe,2022,0.648303231
Americas,2022,0.726229913
Americas,2022,0.937416463
Americas,2022,1.810394795
Asia,2022,1.727543808
Europe,2022,1.686464985
Europe,2022,5.860650639
Americas,2022,0
Europe,2022,0.169408157
Americas,2022,0.460056519
Europe,2022,0.365891529
Europe,2022,7.999457815
Europe,2022,0.395022785
Europe,2022,0.362114339
Europe,2022,0
Europe,2022,0.054611881
Europe,2022,1.258105658
Americas,2022,0
Americas,2022,2.879894343
Americas,2022,0
Americas,2022,0.143350377
Europe,2022,8.753458832
Europe,2022,8.446656294
Asia,2022,0.002869126
Asia,2022,0.900786991
Europe,2022,0.595446616
Americas,2022,0
Asia,2022,0.923930041
Africa,2022,0.112437297
Asia,2022,1.682052414
Americas,2022,0
Asia,2022,0.617969254
Americas,2022,0
Europe,2022,11.96342316
Europe,2022,0
Europe,2022,8.186860302
Asia,2022,0
Africa,2022,54.61160237
Europe,2022,0.263159237
Americas,2022,1.686453172
Europe,2022,0.869455118
Europe,2022,0.94662547
Europe,2022,1.952338536
Asia,2022,2.124195209
Oceania,2022,0
Asia,2022,0.147984473
Americas,2022,2.317774627
Americas,2022,0.424191612
Europe,2022,8.002972145
Europe,2022,0.537579056
Americas,2022,0.281045798
Europe,2022,2.238248511
Asia,2022,11.00907461
Americas,2022,0.031845516
Europe,2022,2.135111788
Europe,2022,1.242418393
Europe,2022,9.02975944
Europe,2022,1.649608318
Asia,2022,0.016728159
Americas,2022,0.412868157
Americas,2022,0.244485143
Europe,2022,0
Americas,2022,0
Africa,2022,0
Europe,2023,11.09666727
Asia,2023,18.34617396
Americas,2023,0
Europe,2023,13.4714371
Europe,2023,0.811072038
Europe,2023,1.442066523
Europe,2023,2.166355371
Americas,2023,0.008167159
Europe,2023,0.326924081
Americas,2023,0.671453827
Americas,2023,1.190723006
Americas,2023,1.89990237
Asia,2023,0.44610478
Europe,2023,1.258127411
Europe,2023,6.282804427
Europe,2023,2.404114297
Africa,2023,0.140801689
Americas,2023,0.53392412
Europe,2023,0.179497318
Europe,2023,1.82856006
Europe,2023,0.196386997
Europe,2023,0.430471209
Europe,2023,0
Europe,2023,0.036429209
Europe,2023,1.435139248
Americas,2023,0
Americas,2023,2.388986936
Americas,2023,0
Americas,2023,0
Europe,2023,2.951727576
Europe,2023,11.12893266
Asia,2023,1.004719589
Europe,2023,0.410087804
Americas,2023,0.140855684
Asia,2023,0.786767377
Asia,2023,2.657801485
Asia,2023,0.512089773
Americas,2023,0
Europe,2023,5.676046977
Europe,2023,4.940511986
Africa,2023,63.02418787
Europe,2023,0.097813222
Americas,2023,2.254513206
Europe,2023,1.201003493
Europe,2023,0.750531001
Asia,2023,0.005541824
Europe,2023,1.420562164
Asia,2023,2.525173589
Oceania,2023,0
Asia,2023,0.118829082
Europe,2023,7.416896544
Europe,2023,0.690267553
Americas,2023,0.160721294
Europe,2023,1.752231486
Asia,2023,9.379713338
Europe,2023,1.653575614
Europe,2023,0.616159192
Europe,2023,4.956580356
Europe,2023,2.549402009
Asia,2023,0
Americas,2023,0.649335221
Europe,2023,0
Africa,2023,0.006119643
Europe,2019,35.5284792
Europe,2019,0
Asia,2019,0.159951417
Asia,2019,32.92043328
Americas,2019,0
Europe,2019,35.13166944
Asia,2019,2.77929573
Europe,2019,41.32936975
Europe,2019,6.522858893
Europe,2019,20.02670427
Americas,2019,0
Americas,2019,2.630364664
Americas,2019,2.133655752
Asia,2019,0.915243246
Europe,2019,0.011658376
Americas,2019,1.984608191
Africa,2019,0.019603158
Americas,2019,20.91048156
Americas,2019,64.3057425
Asia,2019,0.077719915
Europe,2019,21.00451213
Americas,2019,86.91745052
Europe,2019,86.23093673
Americas,2019,5.899646664
Europe,2019,1.884679577
Europe,2019,2.637883091
Europe,2019,71.48084514
Europe,2019,3.292283297
Europe,2019,3.148280343
Europe,2019,3.95574953
Americas,2019,0
Americas,2019,30.07518357
Americas,2019,2.352460488
Americas,2019,2.363321215
Europe,2019,18.71393382
Europe,2019,14.52353814
Europe,2019,5.00414634
Americas,2019,1.06259725
Asia,2019,0.084333691
Africa,2019,0.169912492
Asia,2019,17.7085587
Americas,2019,0
Europe,2019,14.99074438
Europe,2019,13.37329301
Europe,2019,30.45722463
Americas,2019,18.16512263
Europe,2019,0.59521979
Asia,2019,0.007598681
Europe,2019,27.95641089
Asia,2019,13.05647218
Asia,2019,0.469489247
Europe,2019,37.6621375
Asia,2019,1.132591384
Americas,2019,18.84430788
Americas,2019,3.026259146
Asia,2019,0.044221957
Europe,2019,0.966817564
Americas,2019,19.50865211
Asia,2019,32.01037241
Europe,2019,17.65501415
Europe,2019,10.74910962
Asia,2019,23.17803856
Asia,2019,0.881902263
Americas,2019,1.157125139
Europe,2019,11.97217546
Europe,2019,1.357642348
Europe,2019,1.631916838
Europe,2019,199.0052655
Asia,2019,10.30727897
Americas,2019,11.68607551
Europe,2020,23.88618061
Asia,2020,0.148171291
Asia,2020,33.10396357
Americas,2020,0
Europe,2020,31.85596887
Asia,2020,1.885730617
Europe,2020,37.07071347
Europe,2020,5.307448369
Americas,2020,164.1984275
Europe,2020,17.09427874
Americas,2020,0
Americas,2020,2.631957662
Americas,2020,0
Asia,2020,0.259738236
Europe,2020,0.011573295
Americas,2020,1.228664601
Africa,2020,0.007630513
Americas,2020,18.94529029
Americas,2020,60.30605921
Asia,2020,0.153580637
Europe,2020,14.91924815
Americas,2020,35.51714442
Europe,2020,66.19189132
Americas,2020,5.83036726
Europe,2020,1.499596609
Europe,2020,3.083472998
Europe,2020,68.25071994
Europe,2020,3.177287282
Europe,2020,2.305159166
Europe,2020,5.075065642
Americas,2020,0
Americas,2020,25.59150026
Americas,2020,4.458306475
Americas,2020,1.788601087
Europe,2020,12.06386107
Europe,2020,3.61045767
Europe,2020,5.609822507
Americas,2020,1.059793927
Asia,2020,0.128851421
Asia,2020,4.907064258
Africa,2020,0.111074228
Americas,2020,0
Europe,2020,8.512877247
Europe,2020,3.629432806
Africa,2020,1.984462804
Europe,2020,23.29649663
Americas,2020,17.0837236
Europe,2020,2.894598968
Asia,2020,0.015089636
Europe,2020,24.3447079
Asia,2020,6.290291482
Africa,2020,41.61396733
Asia,2020,0.30097766
Europe,2020,33.39621158
Oceania,2020,0
Asia,2020,0.641238749
Americas,2020,14.41794477
Americas,2020,4.51602969
Europe,2020,0.887130143
Americas,2020,14.76436192
Asia,2020,20.79021763
Europe,2020,14.10341303
Europe,2020,10.06823069
Asia,2020,0.996414598
Americas,2020,0.818005947
Europe,2020,8.193621946
Europe,2020,1.191562236
Europe,2020,0.665899455
Europe,2020,189.6812309
Asia,2020,9.237664656
Americas,2020,13.18047125
Europe,2021,25.05583609
Asia,2021,0.173663466
Asia,2021,24.84018927
Americas,2021,0
Europe,2021,31.87222028
Asia,2021,2.638169099
Europe,2021,41.63049997
Europe,2021,6.746906874
Americas,2021,190.9817268
Europe,2021,19.9697526
Americas,2021,0
Americas,2021,3.066004672
Americas,2021,0.708851607
Europe,2021,0
Americas,2021,1.053641452
Americas,2021,18.32063807
Americas,2021,62.56932453
Asia,2021,0
Europe,2021,12.35437494
Americas,2021,61.01008899
Europe,2021,80.65870364
Americas,2021,5.140689037
Europe,2021,1.935659698
Europe,2021,3.454103043
Europe,2021,66.35896464
Europe,2021,3.751311928
Europe,2021,2.098578441
Europe,2021,4.763902774
Americas,2021,0
Americas,2021,27.24640733
Americas,2021,5.150328272
Americas,2021,7.317872085
Europe,2021,20.61351319
Europe,2021,3.790746859
Europe,2021,5.858091541
Americas,2021,0.070480073
Asia,2021,0.081327584
Africa,2021,0.114620362
Asia,2021,28.06254722
Americas,2021,10.69221393
Americas,2021,0
Europe,2021,9.805017915
Europe,2021,3.182032969
Africa,2021,0.560149162
Europe,2021,25.63018422
Americas,2021,17.26699559
Europe,2021,3.814053452
Europe,2021,28.15266361
Asia,2021,6.467697146
Africa,2021,48.13915968
Asia,2021,0.352950801
Africa,2021,1.707852296
Europe,2021,30.00468654
Oceania,2021,0
Asia,2021,0.1555409
Americas,2021,17.14454694
Americas,2021,4.493923582
Europe,2021,1.077860453
Americas,2021,15.99298164
Asia,2021,29.48700234
Asia,2021,0.213145235
Europe,2021,16.90551113
Asia,2021,1.983307761
Americas,2021,1.118964913
Europe,2021,14.27854575
Europe,2021,1.653573123
Europe,2021,2.933530921
Africa,2021,0
Asia,2021,9.257280056
Americas,2021,11.54063163
Americas,2021,16.59495098
Europe,2021,0
Americas,2021,0.972374831
Europe,2022,24.26078862
Asia,2022,23.46509714
Americas,2022,0
Europe,2022,32.40049259
Europe,2022,44.52912002
Europe,2022,6.284918656
Americas,2022,135.3328042
Europe,2022,18.78431179
Americas,2022,0
Americas,2022,3.552161378
Americas,2022,0
Europe,2022,0
Americas,2022,1.10980205
Americas,2022,17.88629268
Americas,2022,61.94698711
Asia,2022,0.0751106
Europe,2022,13.39802738
Americas,2022,40.40313349
Europe,2022,58.80157113
Americas,2022,4.387368262
Europe,2022,2.801683707
Europe,2022,4.221936069
Europe,2022,65.5378711
Europe,2022,3.415945269
Europe,2022,2.584962347
Europe,2022,5.003611051
Americas,2022,0
Americas,2022,25.79578512
Americas,2022,0.365124745
Americas,2022,8.505455724
Europe,2022,21.62769799
Europe,2022,3.025513807
Europe,2022,5.561974591
Americas,2022,0.105665651
Asia,2022,0.142143083
Africa,2022,0.062669969
Asia,2022,22.80115495
Americas,2022,4.281784219
Americas,2022,1.678030663
Europe,2022,6.673957137
Europe,2022,2.498587235
Africa,2022,0.575958722
Europe,2022,21.51326758
Americas,2022,15.45876532
Europe,2022,3.40785169
Europe,2022,52.71314046
Asia,2022,0.239224155
Europe,2022,30.46733541
Oceania,2022,0
Asia,2022,0.380531501
Americas,2022,18.40585733
Americas,2022,3.793826387
Europe,2022,1.142355494
Americas,2022,17.14379368
Asia,2022,27.02972704
Europe,2022,18.29207291
Asia,2022,12.38963381
Americas,2022,0.859828935
Europe,2022,12.604522
Europe,2022,1.260689252
Europe,2022,20.51788271
Europe,2022,184.1935484
Asia,2022,8.693066704
Americas,2022,11.29489315
Americas,2022,23.0120543
Europe,2022,0
Americas,2022,0.979950219
Africa,2022,0.248925645
Europe,2023,19.98822757
Asia,2023,29.35387833
Americas,2023,0
Europe,2023,35.84716556
Europe,2023,41.91961798
Europe,2023,6.97489318
Europe,2023,19.5913877
Americas,2023,4.557274838
Europe,2023,0.011273244
Americas,2023,2.314480995
Americas,2023,20.77362497
Americas,2023,62.44215213
Asia,2023,0.074350797
Europe,2023,13.36760374
Europe,2023,118.1546523
Africa,2023,1.622468692
Americas,2023,4.493861346
Europe,2023,2.2979831
Europe,2023,3.364550511
Europe,2023,72.68104225
Europe,2023,3.458821109
Europe,2023,3.879710752
Europe,2023,4.67640612
Americas,2023,0
Americas,2023,20.76156545
Americas,2023,0.121013659
Americas,2023,7.195967327
Europe,2023,19.17339564
Europe,2023,10.72630894
Europe,2023,4.228610303
Americas,2023,6.37371971
Asia,2023,0.069934878
Asia,2023,17.99670899
Americas,2023,0
Europe,2023,5.851233612
Europe,2023,3.399922227
Africa,2023,0.631090404
Europe,2023,19.46483126
Americas,2023,16.81211694
Europe,2023,13.69719076
Asia,2023,0.018472748
Europe,2023,14.99482284
Asia,2023,0.395714914
Europe,2023,29.98475973
Oceania,2023,0
Asia,2023,0.217853317
Europe,2023,1.447644452
Americas,2023,15.79451987
Asia,2023,22.44323862
Europe,2023,15.22610704
Asia,2023,1.589196367
Europe,2023,8.69603604
Europe,2023,0.8698718
Europe,2023,5.05099141
Europe,2023,194.4274432
Asia,2023,16.91574352
Americas,2023,10.97966828
Africa,2023,0.312101812
Europe,2019,5.060641915
Europe,2019,1.307642517
Asia,2019,0.266585696
Asia,2019,0.344355997
Americas,2019,0
Europe,2019,10.71966324
Asia,2019,0.029672196
Europe,2019,4.281754036
Europe,2019,1.232892011
Americas,2019,4.30734694
Europe,2019,4.24446568
Europe,2019,0.593508323
Americas,2019,0.077111668
Asia,2019,0.52299614
Americas,2019,0.052933951
Europe,2019,0.69950256
Americas,2019,0.234402542
Americas,2019,0.112206494
Americas,2019,5.720510842
Asia,2019,1.243518645
Europe,2019,0.435817572
Europe,2019,3.847572164
Americas,2019,1.473177127
Europe,2019,3.216032144
Africa,2019,0.408827477
Americas,2019,0.882351847
Europe,2019,1.564241886
Europe,2019,0.301472353
Europe,2019,1.448813684
Europe,2019,6.266596535
Europe,2019,0
Europe,2019,0.420990976
Europe,2019,14.30227366
Americas,2019,0
Americas,2019,0.210479512
Americas,2019,0
Americas,2019,0.211190406
Europe,2019,23.73107425
Europe,2019,0.880214433
Europe,2019,5.26754265
Asia,2019,170.0842532
Europe,2019,3.218020328
Africa,2019,2.273311957
Americas,2019,0
Europe,2019,13.00728408
Europe,2019,0.679771225
Europe,2019,0.313436555
Asia,2019,33.83141523
Europe,2019,0.899580474
Americas,2019,1.094121635
Europe,2019,2.582153316
Europe,2019,0
Asia,2019,0.032294395
Europe,2019,8.337876931
Asia,2019,0
Europe,2019,0.399144531
Europe,2019,0.598384679
Oceania,2019,0.16033984
Asia,2019,1.677106473
Americas,2019,0.850119152
Americas,2019,0.021572112
Asia,2019,0.15974054
Europe,2019,0.11510525
Europe,2019,1.305203712
Americas,2019,0.12279246
Europe,2019,0.246134383
Europe,2019,0.636716353
Asia,2019,143.5541975
Americas,2019,8.517726715
Europe,2019,2.368595864
Americas,2019,23.11115807
Europe,2019,0.898979392
Europe,2019,28.03057156
Europe,2019,1.712207994
Asia,2019,26.27013899
Asia,2019,7.383050466
Americas,2019,1.829538703
Europe,2019,1.367488641
Europe,2020,10.5851296
Asia,2020,0.275175255
Asia,2020,0.345913935
Americas,2020,0
Europe,2020,19.85113331
Europe,2020,2.668952723
Europe,2020,1.831646584
Americas,2020,2.526129654
Europe,2020,2.939973471
Americas,2020,0.101554636
Asia,2020,0.389607354
Americas,2020,0.031436736
Europe,2020,0.370345445
Americas,2020,0.242635446
Americas,2020,0.086905001
Americas,2020,6.912552241
Asia,2020,1.305435411
Europe,2020,0.502363502
Europe,2020,3.712839832
Americas,2020,13.31892916
Europe,2020,1.114630294
Africa,2020,1.083054844
Americas,2020,0.47304055
Europe,2020,0.614520009
Europe,2020,0.150413317
Europe,2020,1.519093926
Europe,2020,5.385001224
Europe,2020,0
Europe,2020,0.420783022
Europe,2020,10.39313627
Americas,2020,0
Americas,2020,0.190121456
Americas,2020,0
Americas,2020,0.088935966
Europe,2020,17.65319713
Europe,2020,2.584759468
Europe,2020,1.909365163
Asia,2020,176.117475
Europe,2020,2.158137608
Asia,2020,0.441430467
Africa,2020,3.140719547
Americas,2020,0
Europe,2020,7.738540511
Europe,2020,1.967261549
Europe,2020,0.105200951
Asia,2020,48.45794663
Africa,2020,7.653575554
Europe,2020,1.140387947
Americas,2020,0.532338354
Europe,2020,3.472193473
Europe,2020,0.578919794
Asia,2020,0.060358543
Europe,2020,2.138386505
Asia,2020,0
Europe,2020,0.198449475
Europe,2020,0.576285998
Oceania,2020,0
Asia,2020,0.86235556
Americas,2020,0.791938808
Americas,2020,0.076129968
Europe,2020,0.165046711
Europe,2020,0.896772862
Europe,2020,0.21657892
Europe,2020,0.503514014
Americas,2020,4.47497371
Europe,2020,1.925356394
Europe,2020,0.623278708
Europe,2020,20.07211215
Europe,2020,1.410125756
Asia,2020,46.11573963
Asia,2020,3.599650496
Europe,2020,1.598705505
Europe,2021,13.65086868
Asia,2021,0.418835417
Asia,2021,0.209033851
Americas,2021,0
Europe,2021,39.81239552
Europe,2021,2.558154036
Europe,2021,3.678809136
Americas,2021,4.541177124
Europe,2021,1.355970856
Americas,2021,0.410476035
Americas,2021,0
Americas,2021,0.083216187
Europe,2021,0.287124527
Americas,2021,1.069060595
Americas,2021,0.394622402
Americas,2021,1.106722102
Asia,2021,2.656932678
Europe,2021,0.816661218
Europe,2021,4.553324783
Americas,2021,98.21136276
Europe,2021,1.690349632
Americas,2021,0.224749899
Africa,2021,1.525878531
Americas,2021,0.967060314
Europe,2021,0.944786281
Europe,2021,0.22526759
Europe,2021,1.606186525
Europe,2021,6.998716284
Europe,2021,0
Europe,2021,0.456212705
Europe,2021,10.32178934
Americas,2021,0
Americas,2021,0.551178626
Americas,2021,0
Americas,2021,0.126337765
Europe,2021,24.38458853
Europe,2021,6.49989475
Europe,2021,0.805058991
Europe,2021,2.305399272
Africa,2021,2.730219436
Americas,2021,0
Europe,2021,10.24485196
Europe,2021,5.940266328
Europe,2021,0.424271063
Asia,2021,85.82924588
Africa,2021,3.490784633
Europe,2021,0.661424109
Americas,2021,1.318468018
Europe,2021,2.647063987
Europe,2021,0.76281069
Europe,2021,1.656039036
Asia,2021,0
Africa,2021,0.177901281
Europe,2021,0.366598614
Europe,2021,0.647178519
Oceania,2021,0
Asia,2021,0.599943472
Americas,2021,1.380768881
Americas,2021,0.162867029
Europe,2021,0.851728265
Europe,2021,1.202969255
Americas,2021,0
Asia,2021,0
Europe,2021,0.213007362
Americas,2021,6.969552885
Europe,2021,1.931114795
Europe,2021,0.716548354
Europe,2021,15.2827498
Europe,2021,1.420872999
Asia,2021,47.90781846
Asia,2021,6.886905164
Europe,2021,0
Europe,2021,1.780130357
Europe,2022,10.43284642
Asia,2022,0.867792054
Americas,2022,0
Europe,2022,101.338415
Europe,2022,1.752303334
Europe,2022,12.26218395
Americas,2022,14.58978187
Europe,2022,1.934596896
Americas,2022,0.132481543
Americas,2022,0
Americas,2022,0.077277246
Europe,2022,0.466323377
Americas,2022,0.695544142
Americas,2022,0.330511784
Americas,2022,0.295173064
Asia,2022,4.957299624
Europe,2022,2.557805227
Europe,2022,5.870164682
Americas,2022,0
Europe,2022,2.591944795
Americas,2022,0.534248275
Africa,2022,1.739325869
Americas,2022,0.628369879
Europe,2022,1.068403265
Europe,2022,0.074069054
Europe,2022,1.831469275
Europe,2022,6.353597848
Europe,2022,0.145631682
Europe,2022,14.19450506
Americas,2022,0
Americas,2022,0.51546747
Americas,2022,0
Americas,2022,0.076453535
Europe,2022,23.3937467
Europe,2022,17.56450166
Europe,2022,0.788735801
Asia,2022,173.6321852
Europe,2022,2.948718737
Africa,2022,3.251465434
Americas,2022,0
Europe,2022,7.630287153
Europe,2022,11.92792339
Europe,2022,0.531614305
Asia,2022,78.08545815
Africa,2022,4.055820955
Europe,2022,11.38163698
Americas,2022,1.282917351
Europe,2022,4.292934645
Europe,2022,2.082576033
Asia,2022,0.037204604
Europe,2022,1.464253902
Europe,2022,0.335112763
Europe,2022,0.531446856
Oceania,2022,0
Asia,2022,0.570797252
Americas,2022,1.976925417
Americas,2022,0.298726487
Europe,2022,2.451431246
Europe,2022,1.651135672
Americas,2022,0
Europe,2022,0.323476475
Americas,2022,8.104683854
Europe,2022,2.694658326
Europe,2022,4.037859777
Europe,2022,15.41205014
Europe,2022,1.325407839
Asia,2022,62.86163405
Asia,2022,8.108343504
Europe,2022,0
Europe,2023,7.468910659
Asia,2023,0.815385509
Americas,2023,0
Europe,2023,51.52003263
Europe,2023,1.545305673
Europe,2023,19.46789805
Europe,2023,3.422213557
Americas,2023,0.457360916
Americas,2023,0.063614681
Europe,2023,0.710214382
Americas,2023,0.488330056
Americas,2023,0.361230575
Americas,2023,0.568012049
Asia,2023,8.104236843
Europe,2023,3.302584453
Europe,2023,9.372165338
Europe,2023,3.278337678
Africa,2023,1.676623187
Americas,2023,0.617349764
Europe,2023,0.780604614
Europe,2023,0.658281622
Europe,2023,3.142191952
Europe,2023,4.98052178
Europe,2023,0.510008925
Europe,2023,14.45878385
Americas,2023,0
Americas,2023,0.474487013
Americas,2023,0
Americas,2023,0.150307412
Europe,2023,38.47512727
Europe,2023,16.79663584
Europe,2023,1.806183599
Asia,2023,137.7438147
Europe,2023,3.124398471
Americas,2023,0
Europe,2023,10.10152028
Europe,2023,6.411830844
Europe,2023,2.815560594
Africa,2023,4.550214843
Europe,2023,16.56303899
Americas,2023,0.770773746
Europe,2023,5.240742515
Europe,2023,1.313429251
Asia,2023,0.079432816
Europe,2023,2.683284087
Europe,2023,0.331628679
Europe,2023,0.561678964
Oceania,2023,0
Asia,2023,0.554535716
Asia,2023,0.204541342
Europe,2023,2.938380927
Europe,2023,2.559742177
Europe,2023,0.491670925
Europe,2023,4.768793957
Europe,2023,3.098918287
Europe,2023,32.38299166
Europe,2023,1.080415721
Asia,2023,145.476231
Asia,2023,9.881918692
Europe,2023,0
Americas,2019,30.64681191
Asia,2019,51.43180711
Europe,2019,89.25564718
Americas,2019,28.63118849
Europe,2019,144.1623801
Americas,2019,179.6134811
Americas,2019,15.9325766
Asia,2019,50.07688043
Africa,2019,81.64374939
Americas,2019,81.56410242
Asia,2019,92.48669921
Americas,2019,163.8051106
Europe,2019,135.8443931
Europe,2019,181.8991712
Americas,2019,0.613898576
Americas,2019,131.4901599
Asia,2019,31.9804943
Americas,2019,9.811314606
Asia,2019,45.62609553
Africa,2019,3.136545535
Asia,2019,45.70348019
Asia,2019,59.59877102
Europe,2019,58.71076736
Asia,2019,9.985483789
Americas,2019,62.16058052
Europe,2019,102.0163766
Asia,2019,6.815831352
Europe,2019,186.7635005
Americas,2019,130.7470618
Asia,2019,0.786644313
Europe,2019,149.4445926
Europe,2019,116.6262356
Asia,2019,3.280676419
Americas,2019,62.95082178
Europe,2019,170.9839111
Europe,2019,67.79038479
Americas,2019,149.3035867
Asia,2019,125.0760447
Europe,2019,86.88436077
Americas,2020,46.81749886
Asia,2020,45.95486229
Europe,2020,77.07338067
Americas,2020,31.3240077
Europe,2020,141.8461427
Americas,2020,122.5654823
Americas,2020,17.0789112
Asia,2020,30.90885006
Africa,2020,77.60281686
Americas,2020,61.76772969
Asia,2020,66.96115754
Europe,2020,195.8364587
Americas,2020,133.0723182
Americas,2020,195.2916564
Europe,2020,140.8778771
Europe,2020,177.5704354
Europe,2020,129.8394326
Americas,2020,0.564603112
Americas,2020,106.503988
Asia,2020,27.96974808
Americas,2020,108.7291589
Asia,2020,155.7660718
Europe,2020,182.7707212
Americas,2020,8.301719092
Asia,2020,34.91006654
Africa,2020,2.146796715
Asia,2020,27.46040955
Asia,2020,49.50974124
Europe,2020,152.1912967
Europe,2020,43.78051156
Asia,2020,6.880735624
Africa,2020,7.907783599
Americas,2020,46.43015694
Europe,2020,199.920302
Asia,2020,0.041496498
Europe,2020,72.21166737
Asia,2020,138.2344732
Asia,2020,0
Asia,2020,6.867183021
Americas,2020,116.3684202
Europe,2020,195.1795252
Americas,2020,90.11525411
Europe,2020,184.4941415
Asia,2020,1.716080582
Europe,2020,132.737095
Europe,2020,94.75354897
Asia,2020,2.900278204
Americas,2020,49.57757612
Europe,2020,137.5109803
Europe,2020,68.285682
Americas,2020,117.2162359
Asia,2020,111.2383766
Europe,2020,60.55503854
Europe,2021,26.17878673
Americas,2021,59.55668172
Europe,2021,60.11145047
Americas,2021,20.43529706
Europe,2021,129.4335817
Americas,2021,115.3418583
Americas,2021,64.99548182
Asia,2021,65.58828095
Europe,2021,114.5084663
Europe,2021,195.7264894
Europe,2021,154.911586
Europe,2021,126.3095888
Americas,2021,184.070932
Americas,2021,11.89480577
Asia,2021,19.66704573
Americas,2021,11.2343428
Europe,2021,193.4969335
Europe,2021,166.7122243
Asia,2021,148.9669291
Asia,2021,29.63096448
Africa,2021,2.356293993
Asia,2021,40.55284447
Europe,2021,29.41505374
Europe,2021,147.3811603
Asia,2021,6.912422487
Americas,2021,45.51887445
Europe,2021,166.4834332
Europe,2021,76.17779566
Asia,2021,8.036235492
Europe,2021,193.1477856
Americas,2021,76.44757025
Europe,2021,157.8873088
Asia,2021,0.385703104
Europe,2021,135.1609642
Asia,2021,1.983307761
Americas,2021,63.33341406
Europe,2021,143.7363853
Europe,2021,59.65724369
Asia,2021,110.1339569
Europe,2021,0
Europe,2022,21.46690772
Asia,2022,4.237417835
Americas,2022,78.6299009
Europe,2022,63.58169457
Americas,2022,24.6517004
Europe,2022,119.1961313
Americas,2022,138.5533343
Americas,2022,69.07116438
Asia,2022,84.7247572
Europe,2022,104.3219263
Europe,2022,191.202187
Europe,2022,160.1220339
Europe,2022,136.6053044
Americas,2022,13.50961556
Asia,2022,11.8672661
Americas,2022,12.95887411
Europe,2022,183.1571678
Europe,2022,179.6863434
Asia,2022,154.221324
Americas,2022,6.797823569
Asia,2022,29.27096715
Africa,2022,2.928899418
Asia,2022,37.81585603
Europe,2022,28.82581487
Europe,2022,147.7356154
Asia,2022,2.839471205
Africa,2022,36.29343613
Americas,2022,45.5661142
Europe,2022,169.6352841
Asia,2022,0.063247827
Europe,2022,75.16503362
Asia,2022,0
Asia,2022,9.408673469
Europe,2022,183.0263057
Americas,2022,78.00137521
Europe,2022,162.627264
Asia,2022,0.433531187
Europe,2022,132.7766581
Asia,2022,1.964641932
Americas,2022,37.11594905
Europe,2022,139.7541102
Europe,2022,64.33169355
Asia,2022,123.5365116
Europe,2022,0
Europe,2019,167.5211121
Asia,2019,22.11567706
Europe,2019,111.1332634
Americas,2019,23.06724361
Americas,2019,48.16052045
Asia,2019,96.10054078
Asia,2019,49.89618562
Americas,2019,160.4669291
Asia,2019,0.451326179
Americas,2019,24.86477564
Asia,2019,138.325994
Africa,2019,27.25240125
Europe,2019,67.52045437
Asia,2019,43.41404243
Asia,2019,49.49808059
Asia,2019,186.4517765
Americas,2019,140.6067755
Asia,2019,32.67653512
Americas,2019,135.0938181
Europe,2020,110.0992756
Asia,2020,18.49391017
Europe,2020,111.2037388
Americas,2020,17.14381486
Americas,2020,27.21664257
Asia,2020,40.77890302
Asia,2020,39.39343328
Americas,2020,97.34376618
Americas,2020,170.827009
Americas,2020,29.76390317
Asia,2020,0.318301303
Americas,2020,20.98391975
Asia,2020,102.8878595
Africa,2020,16.67836984
Asia,2020,178.0207344
Africa,2020,27.34239867
Americas,2020,197.6907486
Asia,2020,5.826485617
Europe,2020,52.63720628
Asia,2020,154.9781959
Asia,2020,28.34717506
Asia,2020,47.84985725
Asia,2020,126.0820329
Americas,2020,98.6418936
Asia,2020,30.6247148
Americas,2020,109.3162938
Europe,2021,117.2781572
Europe,2021,97.41417899
Americas,2021,19.47658573
Asia,2021,40.00581489
Americas,2021,24.05722924
Americas,2021,109.5436157
Americas,2021,194.4353631
Americas,2021,39.85470574
Asia,2021,87.74342701
Africa,2021,22.10106057
Asia,2021,172.234527
Europe,2021,55.80851552
Asia,2021,78.03437296
Asia,2021,50.73924339
Asia,2021,118.9804356
Americas,2021,160.4116128
Asia,2021,35.3519353
Europe,2021,0
Europe,2022,86.92859831
Asia,2022,47.02166888
Europe,2022,96.32420349
Americas,2022,24.08543626
Asia,2022,46.04279802
Americas,2022,25.14528548
Americas,2022,111.126091
Americas,2022,27.15056147
Americas,2022,28.24795079
Asia,2022,94.05430141
Africa,2022,27.1287235
Asia,2022,149.9240796
Africa,2022,90.78716788
Asia,2022,5.62719638
Europe,2022,55.31625851
Asia,2022,45.72720204
Asia,2022,109.1133657
Asia,2022,20.11207724
Asia,2022,135.2594022
Americas,2022,146.043537
Asia,2022,42.93979052
Europe,2022,0
Europe,2019,11.02249403
Americas,2019,44.87568887
Europe,2019,44.10600936
Asia,2019,1.84956691
Europe,2019,110.4379242
Europe,2019,23.38194034
Americas,2019,71.70465789
Europe,2019,14.91541109
Americas,2019,7.516292861
Americas,2019,30.15923002
Americas,2019,105.7210066
Americas,2019,28.09313407
Africa,2019,7.932822288
Europe,2019,103.5963292
Americas,2019,120.7277272
Americas,2019,88.86153188
Europe,2019,63.18407371
Europe,2019,58.11090562
Americas,2019,55.98073084
Europe,2019,13.65523809
Americas,2019,28.80473169
Europe,2019,60.96959512
Europe,2019,12.2849984
Europe,2019,101.3807376
Europe,2019,183.2423546
Europe,2019,91.55638533
Americas,2019,1.361950809
Asia,2019,8.843394832
Europe,2019,45.83157786
Europe,2019,72.66659653
Europe,2019,6.930977171
Asia,2019,6.643620768
Asia,2019,14.52098162
Africa,2019,0.808549098
Asia,2019,5.004592676
Americas,2019,17.03885925
Asia,2019,5.122871058
Americas,2019,96.81332196
Europe,2019,10.40582726
Europe,2019,23.8277703
Europe,2019,23.61222047
Asia,2019,13.26429936
Europe,2019,14.0077531
Americas,2019,90.22448239
Europe,2019,4.577657923
Asia,2019,8.260848513
Europe,2019,163.3641543
Europe,2019,72.19885146
Asia,2019,15.94404538
Americas,2019,25.33827363
Americas,2019,84.83387147
Europe,2019,28.46500517
Americas,2019,111.586641
Europe,2019,90.64881483
Asia,2019,6.373835968
Europe,2019,30.52066344
Europe,2019,26.73730974
Asia,2019,1.499233847
Americas,2019,17.72651428
Europe,2019,13.52252911
Americas,2019,9.079383526
Europe,2019,19.11707198
Europe,2019,22.17486997
Europe,2019,195.0652414
Asia,2019,1.874940464
Americas,2019,45.65982488
Europe,2019,11.95352282
Americas,2019,12.47996006
Europe,2019,8.318889235
Europe,2020,6.929081547
Americas,2020,8.710232345
Oceania,2020,186.6702538
Europe,2020,34.82635302
Asia,2020,1.86608759
Europe,2020,79.10671885
Europe,2020,25.29691424
Americas,2020,57.84836907
Europe,2020,9.092701455
Americas,2020,5.373434507
Americas,2020,23.37449216
Americas,2020,82.88713777
Americas,2020,22.00938594
Africa,2020,5.452485499
Europe,2020,113.6497584
Americas,2020,137.878883
Americas,2020,70.13233607
Europe,2020,57.69597425
Europe,2020,51.30534809
Americas,2020,59.1952407
Europe,2020,15.19326832
Americas,2020,24.45427541
Europe,2020,41.83350203
Europe,2020,8.122319118
Europe,2020,116.9340634
Europe,2020,156.8476773
Europe,2020,138.7489383
Europe,2020,78.86937431
Europe,2020,143.9337217
Americas,2020,0
Americas,2020,7.058985252
Asia,2020,11.62847283
Americas,2020,3.71554701
Europe,2020,38.16429006
Europe,2020,51.8604068
Europe,2020,7.910227105
Europe,2020,168.648523
Asia,2020,5.264500904
Asia,2020,11.26483629
Africa,2020,0.633889128
Asia,2020,6.257372013
Americas,2020,27.73629187
Asia,2020,5.343388236
Americas,2020,68.44300577
Europe,2020,15.47708102
Europe,2020,20.31644654
Europe,2020,40.55496658
Asia,2020,9.369512339
Africa,2020,2.186735872
Europe,2020,12.2510248
Americas,2020,65.83093252
Asia,2020,3.072627087
Europe,2020,5.428211898
Asia,2020,6.989212758
Europe,2020,156.6049854
Europe,2020,75.4934658
Asia,2020,2.012162972
Asia,2020,19.58751404
Americas,2020,16.18816093
Americas,2020,62.44179959
Europe,2020,29.05084099
Americas,2020,60.4126314
Europe,2020,83.73737129
Asia,2020,16.5690539
Europe,2020,30.17150627
Europe,2020,21.9134491
Asia,2020,1.067587069
Americas,2020,10.74635264
Europe,2020,10.29269471
Americas,2020,8.818968622
Europe,2020,18.00175563
Europe,2020,25.3041793
Asia,2020,1.520069025
Americas,2020,37.00143853
Asia,2020,37.78413391
Europe,2020,9.97985352
Americas,2020,13.52317292
Europe,2020,6.623208522
Europe,2021,7.264086933
Americas,2021,12.9941851
Oceania,2021,191.6096472
Europe,2021,31.16964859
Europe,2021,81.53251749
Europe,2021,19.54276474
Americas,2021,174.0784564
Europe,2021,9.830788705
Americas,2021,5.058853436
Americas,2021,17.72129018
Europe,2021,146.5483583
Americas,2021,89.42299924
Europe,2021,29.87460689
Europe,2021,46.80210926
Americas,2021,37.20127377
Europe,2021,15.86196776
Americas,2021,22.19630007
Europe,2021,42.50909805
Europe,2021,8.635257607
Europe,2021,100.8829514
Europe,2021,189.9306391
Europe,2021,131.8329562
Europe,2021,82.33726893
Europe,2021,140.7997931
Americas,2021,0
Americas,2021,4.136680821
Americas,2021,1.471522363
Asia,2021,7.081205325
Americas,2021,3.139007548
Europe,2021,42.57747904
Europe,2021,55.22603447
Europe,2021,3.48858896
Europe,2021,184.4503582
Asia,2021,3.677814088
Asia,2021,10.14566133
Africa,2021,0.456602425
Americas,2021,32.07664179
Asia,2021,4.636594603
Americas,2021,118.1927157
Europe,2021,15.36727794
Europe,2021,11.91631739
Europe,2021,22.64546796
Asia,2021,7.632466496
Americas,2021,72.37159474
Europe,2021,48.43847884
Europe,2021,5.96174053
Europe,2021,126.7585207
Europe,2021,58.17210344
Asia,2021,34.62784435
Americas,2021,18.08807234
Americas,2021,79.50022262
Europe,2021,27.70745652
Americas,2021,70.79161812
Europe,2021,72.03379901
Asia,2021,6.441241844
Europe,2021,29.40021127
Asia,2021,1.532555997
Americas,2021,15.0740559
Europe,2021,8.953350411
Europe,2021,17.23390655
Europe,2021,15.70858493
Europe,2021,178.5595737
Asia,2021,2.077311338
Europe,2021,0
Americas,2021,12.6408728
Europe,2022,4.208504149
Asia,2022,4.93063596
Americas,2022,3.231365791
Europe,2022,34.46344531
Europe,2022,91.97874559
Europe,2022,22.0338407
Americas,2022,103.1346649
Europe,2022,6.459057377
Americas,2022,6.704193597
Americas,2022,14.87684101
Americas,2022,100.732647
Europe,2022,32.49255871
Europe,2022,58.52325851
Americas,2022,61.35290641
Europe,2022,20.2442747
Americas,2022,22.90144272
Europe,2022,50.26931446
Europe,2022,6.740283899
Europe,2022,98.80956293
Europe,2022,137.9712469
Europe,2022,94.33292172
Europe,2022,176.6149851
Americas,2022,0
Americas,2022,3.737139157
Americas,2022,2.799289711
Asia,2022,10.19299041
Americas,2022,2.284049346
Europe,2022,43.5881298
Europe,2022,80.410715
Europe,2022,5.784062541
Asia,2022,3.749023821
Asia,2022,10.91781154
Africa,2022,0.442376249
Americas,2022,40.67695009
Asia,2022,4.702359792
Americas,2022,170.5997841
Europe,2022,35.60800671
Europe,2022,14.30640812
Europe,2022,26.95284528
Asia,2022,8.092492935
Africa,2022,5.939072032
Americas,2022,70.51224771
Europe,2022,58.69077911
Asia,2022,1.87883251
Europe,2022,5.368930973
Europe,2022,149.8233313
Europe,2022,73.63287816
Asia,2022,2.431173479
Asia,2022,43.69089396
Americas,2022,20.49639916
Americas,2022,88.81138463
Europe,2022,23.76663896
Americas,2022,75.56383223
Europe,2022,77.71857208
Asia,2022,4.919636512
Europe,2022,27.33376211
Asia,2022,1.787647163
Americas,2022,12.86558852
Europe,2022,8.525722244
Americas,2022,4.17225642
Europe,2022,14.2512698
Europe,2022,14.27742068
Europe,2022,161.8237154
Asia,2022,2.036653376
Europe,2022,0
Americas,2022,17.63910393
Europe,2019,30.29452763
Americas,2019,16.41793495
Oceania,2019,46.99656402
Asia,2019,20.88922627
Europe,2019,30.14851044
Americas,2019,149.4902762
Americas,2019,0.017135926
Americas,2019,62.23162611
Africa,2019,5.231374698
Americas,2019,145.9205376
Asia,2019,17.17610128
Europe,2019,86.96455429
Americas,2019,86.91745052
Americas,2019,48.68715643
Americas,2019,170.3919456
Europe,2019,136.6423441
Europe,2019,29.92935022
Americas,2019,0.660671801
Americas,2019,8.914587112
Americas,2019,4.585848825
Europe,2019,82.73264574
Europe,2019,173.3408329
Europe,2019,114.2193226
Europe,2019,165.2344958
Asia,2019,25.96540641
Asia,2019,25.42000517
Africa,2019,1.384689156
Americas,2019,0
Americas,2019,23.64046234
Europe,2019,106.6525274
Europe,2019,119.9684599
Europe,2019,82.53829281
Americas,2019,65.10659844
Europe,2019,163.0902224
Europe,2019,7.356950234
Asia,2019,145.0444113
Oceania,2019,58.96497627
Americas,2019,62.95604612
Americas,2019,35.48612431
Asia,2019,21.94535928
Europe,2019,58.15437569
Europe,2019,170.941621
Americas,2019,58.4348195
Europe,2019,42.50552942
Europe,2019,41.53651723
Europe,2019,190.93427
Asia,2019,13.21546403
Americas,2019,36.77030145
Europe,2019,69.91498496
Americas,2019,33.36391776
Americas,2019,0.959996928
Europe,2019,37.49198025
Europe,2020,27.7859652
Americas,2020,10.88779043
Oceania,2020,44.8768404
Asia,2020,20.4582129
Europe,2020,24.09985387
Americas,2020,137.9266791
Europe,2020,16.45778963
Americas,2020,0
Americas,2020,0.008462886
Americas,2020,52.53853417
Africa,2020,7.988525265
Americas,2020,155.5263754
Asia,2020,18.73683766
Europe,2020,75.37348238
Americas,2020,10.35916712
Americas,2020,36.76316961
Americas,2020,167.9236959
Europe,2020,138.7562849
Europe,2020,37.93681665
Americas,2020,73.06108766
Americas,2020,0.547319344
Americas,2020,6.192092327
Americas,2020,2.351862203
Europe,2020,63.40482119
Europe,2020,158.4806292
Europe,2020,118.4119195
Europe,2020,183.5718221
Asia,2020,24.73026911
Asia,2020,24.12264775
Africa,2020,1.062865456
Americas,2020,27.73629187
Americas,2020,10.09814839
Europe,2020,96.14543714
Europe,2020,91.05142301
Asia,2020,147.4234207
Africa,2020,6.975687433
Americas,2020,63.89322091
Europe,2020,156.6942908
Asia,2020,6.164116218
Europe,2020,9.540493638
Asia,2020,129.7562542
Oceania,2020,58.69944052
Asia,2020,19.5688377
Americas,2020,80.12557354
Americas,2020,40.62904122
Asia,2020,108.5667532
Europe,2020,57.86782488
Americas,2020,47.97364289
Europe,2020,31.71771322
Europe,2020,36.37014579
Europe,2020,161.9562604
Asia,2020,12.69934618
Americas,2020,33.96299924
Europe,2020,57.49326693
Americas,2020,1.931881846
Europe,2020,26.72122059
Europe,2021,32.31992302
Americas,2021,4.331395034
Oceania,2021,36.13749856
Europe,2021,23.83228527
Americas,2021,191.486302
Americas,2021,0.050262372
Americas,2021,29.4173417
Asia,2021,31.12406851
Europe,2021,111.2463508
Americas,2021,61.01008899
Europe,2021,80.77839903
Americas,2021,28.28066417
Americas,2021,0.704599481
Americas,2021,3.801432772
Americas,2021,2.507318722
Europe,2021,75.11574398
Europe,2021,159.23197
Europe,2021,172.014271
Asia,2021,32.09728659
Asia,2021,26.53817289
Africa,2021,0.956422363
Americas,2021,21.38442786
Americas,2021,14.56403132
Europe,2021,117.3023676
Europe,2021,157.6697336
Asia,2021,188.219504
Americas,2021,81.09870925
Europe,2021,6.624156145
Americas,2021,117.8256112
Americas,2021,60.74638581
Americas,2021,112.3398495
Asia,2021,18.61017479
Europe,2021,61.92799406
Americas,2021,83.05916695
Europe,2021,39.48544569
Europe,2021,35.11086932
Europe,2021,165.0347718
Asia,2021,15.26196457
Europe,2021,0
Americas,2021,2.917124493
Europe,2022,34.26924807
Americas,2022,25.85092632
Oceania,2022,32.12474707
Europe,2022,33.68071793
Americas,2022,136.5905441
Europe,2022,18.22265463
Americas,2022,0.041400482
Americas,2022,42.15104953
Asia,2022,35.90286697
Europe,2022,150.8449236
Americas,2022,40.40313349
Africa,2022,3.025679387
Americas,2022,188.9093053
Europe,2022,193.4683686
Europe,2022,98.76609607
Americas,2022,55.59689684
Americas,2022,0.280145364
Americas,2022,4.868329932
Americas,2022,4.195387711
Europe,2022,89.27504212
Europe,2022,143.5499158
Asia,2022,36.06880738
Asia,2022,30.34298793
Africa,2022,0.873693093
Americas,2022,38.53605798
Europe,2022,140.8630953
Europe,2022,124.0787789
Asia,2022,186.6952317
Africa,2022,28.76578957
Americas,2022,87.11786339
Asia,2022,3.819052617
Europe,2022,6.34510024
Asia,2022,35.32600768
Americas,2022,110.3896974
Americas,2022,76.73387276
Americas,2022,122.3880491
Asia,2022,20.39481497
Europe,2022,64.01182046
Americas,2022,101.3802006
Europe,2022,49.18119567
Europe,2022,38.7707622
Europe,2022,173.0782686
Asia,2022,26.97415663
Europe,2022,0
Americas,2022,0.979950219
Europe,2019,1.629110753
Americas,2019,0
Europe,2019,62.34745311
Asia,2019,0.009890732
Europe,2019,1.3905875
Americas,2019,40.53973591
Americas,2019,2.133655752
Americas,2019,66.38976123
Americas,2019,4.349469396
Americas,2019,44.26546173
Americas,2019,104.389322
Europe,2019,37.06344225
Americas,2019,0
Americas,2019,46.42904171
Americas,2019,9.890414496
Europe,2019,5.505492
Europe,2019,63.14864642
Europe,2019,5.877646708
Americas,2019,0
Europe,2019,44.77797837
Europe,2019,2.067501491
Europe,2019,32.43697316
Europe,2019,130.6216903
Americas,2019,0
Europe,2019,85.84807492
Europe,2019,17.38783238
Asia,2019,46.79764045
Americas,2019,0.114501101
Europe,2019,0.326975566
Asia,2019,1.76355193
Americas,2019,21.90493891
Europe,2019,122.6734204
Europe,2019,12.83669303
Asia,2019,133.6963831
Americas,2019,0.433921927
Europe,2019,0.057420506
Europe,2019,1.302602793
Europe,2019,26.63864249
Americas,2019,0.959996928
Europe,2020,3.725687063
Americas,2020,0
Europe,2020,118.848993
Asia,2020,0.009821514
Europe,2020,1.442241405
Americas,2020,53.80656162
Europe,2020,3.212754514
Americas,2020,0
Americas,2020,3.904891054
Americas,2020,92.48949659
Americas,2020,3.303972035
Americas,2020,97.48963547
Americas,2020,80.40807895
Europe,2020,36.11330079
Americas,2020,0
Americas,2020,33.22038825
Americas,2020,13.39331677
Europe,2020,48.30356994
Europe,2020,156.9703622
Europe,2020,11.13149757
Americas,2020,0
Americas,2020,0
Europe,2020,24.05184881
Europe,2020,1.445026815
Europe,2020,31.36814197
Europe,2020,164.6009718
Americas,2020,0
Europe,2020,159.9298372
Europe,2020,19.99453101
Asia,2020,63.39060692
Africa,2020,0.095669694
Americas,2020,0.123029309
Europe,2020,0.493473809
Asia,2020,4.436630707
Asia,2020,6.655615986
Americas,2020,27.09313294
Europe,2020,128.1915187
Europe,2020,18.15519864
Americas,2020,1.170871257
Europe,2020,0.028952728
Europe,2020,1.136567056
Europe,2020,21.6417323
Americas,2020,0
Europe,2021,5.860398637
Americas,2021,0
Europe,2021,141.6406822
Europe,2021,1.773971204
Americas,2021,35.32026652
Americas,2021,0.252942672
Americas,2021,0
Americas,2021,104.6963653
Americas,2021,1.23867117
Americas,2021,102.023566
Americas,2021,158.4193637
Europe,2021,48.80025582
Americas,2021,0
Americas,2021,29.10229459
Europe,2021,63.09245047
Europe,2021,146.1705506
Europe,2021,35.05816546
Americas,2021,0
Americas,2021,0.490507454
Europe,2021,29.50611653
Europe,2021,2.147789601
Europe,2021,39.44789054
Americas,2021,0
Europe,2021,41.22401693
Asia,2021,75.46061215
Americas,2021,0.627506169
Europe,2021,1.159227325
Americas,2021,23.21458377
Americas,2021,13.40478162
Americas,2021,2.717486217
Europe,2021,0.771667458
Europe,2021,32.12689508
Europe,2021,0
Americas,2021,1.944749662
Europe,2022,5.092643676
Americas,2022,0
Europe,2022,2.329375446
Americas,2022,26.41253614
Europe,2022,1.965800071
Americas,2022,0.248303467
Americas,2022,0
Americas,2022,106.4880456
Americas,2022,2.19914692
Americas,2022,119.8211521
Europe,2022,81.58742827
Americas,2022,0
Africa,2022,0.397999978
Americas,2022,17.26334033
Europe,2022,89.14946028
Europe,2022,155.0977408
Europe,2022,53.84884293
Americas,2022,0
Americas,2022,1.095374235
Europe,2022,36.47274513
Europe,2022,1.956941226
Europe,2022,29.44613657
Europe,2022,170.5795211
Americas,2022,0
Europe,2022,90.41791929
Asia,2022,88.30755448
Africa,2022,0.109833989
Americas,2022,0.804739066
Europe,2022,0.81347439
Asia,2022,14.03738426
Americas,2022,35.75756051
Americas,2022,19.79154094
Americas,2022,2.722791629
Europe,2022,0.014724909
Europe,2022,0.986626371
Europe,2022,35.83538039
Asia,2022,14.13947652
Europe,2022,0
Americas,2022,0.979950219
Europe,2019,13.8994343
Europe,2019,4.841864699
Asia,2019,0.118688786
Europe,2019,20.66903625
Europe,2019,0.444414562
Americas,2019,5.067466989
Americas,2019,0.188495188
Americas,2019,4.267311505
Asia,2019,0
Africa,2019,0.85760241
Americas,2019,0.706668245
Europe,2019,20.65864228
Americas,2019,0.041671563
Americas,2019,1.781278086
Americas,2019,4.74042332
Europe,2019,5.930908703
Europe,2019,11.68513052
Europe,2019,4.437092476
Americas,2019,0.472894454
Europe,2019,0.621902097
Europe,2019,14.31993678
Europe,2019,8.185797316
Europe,2019,2.604615991
Europe,2019,0.335865526
Americas,2019,1.859235688
Americas,2019,0
Asia,2019,15.46926166
Europe,2019,1.028513789
Europe,2019,1.92418969
Europe,2019,5.148484106
Europe,2019,67.92357627
Europe,2019,3.688666196
Asia,2019,0.423837761
Americas,2019,2.129857406
Europe,2019,182.1019771
Europe,2019,1.86042651
Europe,2019,17.50020765
Asia,2019,1.192296572
Americas,2019,0.497761732
Europe,2019,7.142637478
Europe,2019,5.885560187
Asia,2019,1.670733407
Europe,2019,7.868849318
Europe,2019,2.617932972
Americas,2019,2.219755565
Europe,2019,3.374676654
Europe,2019,0.348054323
Asia,2019,1.653970093
Europe,2019,3.292047367
Europe,2019,1.668565362
Asia,2019,4.726996131
Americas,2019,0.546420204
Europe,2019,2.512147129
Europe,2019,1.137484129
Europe,2019,2.831855689
Europe,2019,65.89082242
Asia,2019,0.556470026
Americas,2019,0.60610387
Europe,2019,0.289162256
Americas,2019,0
Europe,2019,0.34187216
Europe,2020,14.51973369
Europe,2020,5.907141308
Asia,2020,0.049107568
Europe,2020,52.79847059
Europe,2020,0.692275874
Americas,2020,6.062711169
Europe,2020,1.333596213
Americas,2020,0
Americas,2020,0.177720614
Americas,2020,6.389821724
Asia,2020,0
Africa,2020,0.76081193
Americas,2020,0.675889821
Europe,2020,35.53001612
Americas,2020,0.04129965
Americas,2020,1.408256044
Americas,2020,3.476139777
Europe,2020,5.270077491
Europe,2020,10.69250041
Americas,2020,8.879286105
Europe,2020,20.30341951
Americas,2020,0.347656308
Europe,2020,0.650174753
Europe,2020,1.579339828
Europe,2020,10.74216419
Europe,2020,3.189425915
Europe,2020,0.355161131
Americas,2020,37.81985714
Americas,2020,2.195038631
Americas,2020,0
Asia,2020,14.55227943
Europe,2020,0.531113381
Europe,2020,3.087351587
Europe,2020,12.52356573
Europe,2020,78.55673815
Europe,2020,3.500088604
Asia,2020,0.475042295
Americas,2020,4.267121826
Europe,2020,149.6117832
Europe,2020,2.968776519
Europe,2020,21.82919731
Asia,2020,1.317587673
Africa,2020,0.00273342
Americas,2020,0.576502721
Europe,2020,20.6481393
Asia,2020,0.007544818
Europe,2020,6.579650785
Asia,2020,0.820472802
Europe,2020,11.0281208
Europe,2020,2.918609734
Asia,2020,0.132670086
Americas,2020,2.166185564
Europe,2020,1.700243106
Europe,2020,0.45320779
Asia,2020,0.749552438
Europe,2020,1.237593831
Europe,2020,1.620536283
Asia,2020,9.53711115
Americas,2020,0.481179969
Europe,2020,1.65030548
Europe,2020,1.411542957
Europe,2020,3.28193303
Europe,2020,89.85205415
Asia,2020,0.307084652
Americas,2020,0.810250479
Europe,2020,0.414055371
Americas,2020,1.931881846
Europe,2020,0.228386501
Europe,2021,13.7561453
Americas,2021,0
Europe,2021,8.274733186
Europe,2021,55.45835963
Europe,2021,0.639792893
Americas,2021,6.811765685
Americas,2021,0.502623717
Americas,2021,0.354425804
Americas,2021,0.915378058
Europe,2021,41.34593182
Americas,2021,0.035978001
Americas,2021,1.260056681
Americas,2021,5.494084719
Europe,2021,5.355778222
Europe,2021,17.66489292
Americas,2021,0
Europe,2021,43.65882837
Americas,2021,0.356285379
Europe,2021,0.718540342
Europe,2021,1.351605538
Europe,2021,12.63292773
Europe,2021,4.103895905
Europe,2021,0.756175044
Americas,2021,51.41938939
Americas,2021,2.017200126
Americas,2021,0
Asia,2021,11.55706152
Europe,2021,1.324972418
Europe,2021,3.615630836
Europe,2021,16.56582165
Europe,2021,69.2350732
Europe,2021,2.824407096
Asia,2021,0.502867066
Americas,2021,8.553771144
Europe,2021,161.3564184
Europe,2021,1.50295895
Europe,2021,22.38029855
Asia,2021,2.880176036
Americas,2021,0.559350068
Europe,2021,34.32648107
Europe,2021,1.656039036
Europe,2021,13.98714711
Europe,2021,3.402309928
Americas,2021,2.393332727
Europe,2021,2.231843509
Europe,2021,0.490811456
Americas,2021,0.583467057
Asia,2021,0.597839812
Europe,2021,1.350778394
Asia,2021,9.105185629
Americas,2021,0.255763409
Europe,2021,3.306302603
Europe,2021,1.524961881
Europe,2021,2.791585876
Europe,2021,101.1315957
Asia,2021,0.238402845
Europe,2021,0
Americas,2021,0.972374831
Europe,2022,16.79865102
Asia,2022,3.475854261
Americas,2022,0
Europe,2022,8.329033677
Europe,2022,35.12337418
Europe,2022,0.600656562
Americas,2022,5.030959266
Europe,2022,3.557162034
Americas,2022,0.943930996
Americas,2022,2.833684002
Americas,2022,0.685191585
Europe,2022,42.66290211
Americas,2022,0.01022859
Americas,2022,0.981871264
Americas,2022,4.545665192
Europe,2022,6.474151692
Europe,2022,26.89382174
Americas,2022,0
Europe,2022,100.0016348
Americas,2022,0.353458057
Europe,2022,0.859322391
Europe,2022,1.481381077
Europe,2022,16.62686812
Europe,2022,4.3649866
Europe,2022,1.181274778
Americas,2022,35.06881185
Americas,2022,1.848959403
Americas,2022,0
Asia,2022,13.5683302
Europe,2022,2.0219978
Europe,2022,5.503750372
Europe,2022,10.66532968
Europe,2022,41.01426166
Europe,2022,2.618287798
Asia,2022,0.580811254
Americas,2022,6.422676329
Europe,2022,178.0400336
Europe,2022,1.348991336
Europe,2022,24.82638806
Asia,2022,4.259206808
Africa,2022,1.318007866
Americas,2022,0.433081797
Europe,2022,24.61226221
Asia,2022,0.044645525
Europe,2022,0.325389756
Europe,2022,8.573301533
Europe,2022,3.445241686
Asia,2022,0.232547028
Americas,2022,1.795139172
Europe,2022,2.748416541
Europe,2022,0.470381674
Americas,2022,0.754386089
Asia,2022,0.282737731
Europe,2022,1.685208086
Asia,2022,1.823046117
Americas,2022,0.366223435
Europe,2022,2.679933417
Europe,2022,2.302128199
Europe,2022,4.396689151
Europe,2022,142.62914
Asia,2022,0.248134361
Europe,2022,0
Americas,2022,0
Europe,2019,0.485267033
Asia,2019,1.855436442
Europe,2019,7.701942916
Asia,2019,0.009890732
Europe,2019,36.25566527
Europe,2019,0.473086469
Americas,2019,0
Europe,2019,0.717374481
Europe,2019,23.15742294
Americas,2019,0
Europe,2019,7.111609364
Americas,2019,0.823013371
Americas,2019,7.391602767
Americas,2019,0.320028579
Asia,2019,0
Europe,2019,10.3459302
Europe,2019,10.81867881
Europe,2019,0.808307544
Africa,2019,0.18478078
Americas,2019,1.412916357
Europe,2019,3.830495292
Europe,2019,10.25006001
Europe,2019,14.37947582
Europe,2019,11.22632091
Europe,2019,0.658942397
Asia,2019,47.56734262
Europe,2019,2.220444312
Americas,2019,0
Americas,2019,0
Europe,2019,0.376285532
Europe,2019,1.499952062
Asia,2019,11.55071329
Europe,2019,24.06779855
Europe,2019,12.9514307
Europe,2019,0.104478852
Asia,2019,9.389335503
Europe,2019,0.128511496
Americas,2019,0.291023632
Europe,2019,29.5625829
Europe,2019,0.163487783
Asia,2019,1.76355193
Asia,2019,0.968882268
Europe,2019,27.71203456
Americas,2019,2.219755565
Americas,2019,0.089370178
Asia,2019,0.652499495
Europe,2019,0.601686535
Americas,2019,0.30698115
Asia,2019,0.250185763
Europe,2019,3.563820748
Asia,2019,2.326664213
Asia,2019,25.27531886
Americas,2019,0.048213547
Europe,2019,0.24403715
Europe,2019,0.532049028
Europe,2020,0.696390105
Asia,2020,1.44996192
Asia,2020,0.138365574
Europe,2020,9.14654138
Asia,2020,0.019643027
Europe,2020,48.28378108
Europe,2020,0.692275874
Americas,2020,0
Americas,2020,0
Europe,2020,8.055013427
Americas,2020,0.33555966
Americas,2020,14.26624601
Americas,2020,0.139045591
Asia,2020,0
Europe,2020,12.19890239
Europe,2020,11.92174336
Europe,2020,9.242857363
Africa,2020,0.213432191
Americas,2020,1.658491567
Europe,2020,9.758913314
Europe,2020,11.65703207
Europe,2020,20.77903477
Europe,2020,12.72280509
Europe,2020,6.055616539
Europe,2020,3.39272344
Americas,2020,0.178598944
Europe,2020,0.480531154
Europe,2020,1.164049379
Asia,2020,16.18112681
Europe,2020,29.31261615
Asia,2020,2.221614467
Americas,2020,0
Europe,2020,2.579513504
Europe,2020,13.055463
Europe,2020,0.157801426
Asia,2020,10.97989727
Europe,2020,0.032582513
Americas,2020,0.182178015
Europe,2020,42.26114493
Asia,2020,4.436630707
Africa,2020,28.59986144
Asia,2020,0.719985774
Europe,2020,63.87238089
Oceania,2020,2.524707119
Americas,2020,5.63674093
Americas,2020,0.152259936
Europe,2020,0.649707689
Asia,2020,0.142685156
Europe,2020,3.527142418
Asia,2020,52.00928338
Americas,2020,0.048117997
Europe,2020,0.318480005
Europe,2020,0.494956621
Europe,2020,4.280782213
Europe,2021,0.596567526
Asia,2021,1.021549797
Asia,2021,0.174194876
Europe,2021,10.6166388
Asia,2021,0.009770997
Europe,2021,40.64526497
Europe,2021,0.712496631
Americas,2021,0
Europe,2021,0.431445272
Americas,2021,0
Americas,2021,0
Europe,2021,9.245409755
Americas,2021,1.161575454
Americas,2021,16.39050473
Americas,2021,0.098814473
Asia,2021,0
Europe,2021,17.71964923
Europe,2021,15.83209307
Europe,2021,10.77384462
Africa,2021,0.319473836
Americas,2021,2.313027301
Europe,2021,11.19079449
Europe,2021,11.41355788
Europe,2021,27.64806468
Europe,2021,14.48318131
Europe,2021,9.124254092
Europe,2021,3.639092397
Americas,2021,0.170467616
Americas,2021,0
Americas,2021,0.553942508
Europe,2021,0.815367642
Europe,2021,1.431859734
Asia,2021,9.963183744
Europe,2021,33.2282203
Asia,2021,1.206244419
Asia,2021,0.043985184
Americas,2021,0
Europe,2021,5.122425981
Europe,2021,18.85855635
Europe,2021,0.212135531
Asia,2021,13.53682737
Africa,2021,0.257073287
Europe,2021,0.066142411
Americas,2021,0.386217904
Europe,2021,50.72691091
Europe,2021,0.331207807
Asia,2021,4.521399394
Africa,2021,26.72661138
Asia,2021,1.137610019
Europe,2021,82.59748767
Oceania,2021,2.231925879
Asia,2021,0.044440257
Americas,2021,13.85371444
Americas,2021,0.17794731
Europe,2021,0.917448039
Asia,2021,0.106572618
Europe,2021,4.686161966
Asia,2021,50.23177656
Americas,2021,0.031970426
Europe,2021,0.146296575
Europe,2021,0.679802284
Europe,2021,3.264736025
Africa,2021,0
Asia,2021,4.455763111
Europe,2022,0.884139527
Asia,2022,0.242981775
Europe,2022,19.846267
Europe,2022,47.20911335
Europe,2022,0.893659762
Europe,2022,9.588063577
Americas,2022,0.322200595
Americas,2022,0.27549486
Asia,2022,0
Europe,2022,26.68362376
Europe,2022,14.58740681
Europe,2022,1.067271386
Americas,2022,2.008539434
Europe,2022,11.66253113
Europe,2022,10.5918747
Europe,2022,33.93604832
Europe,2022,13.64869298
Europe,2022,8.574065251
Europe,2022,7.452595347
Americas,2022,0.168087218
Americas,2022,4.768789221
Europe,2022,0.716657448
Europe,2022,1.232872973
Asia,2022,11.2818078
Europe,2022,54.51607303
Asia,2022,1.760034102
Americas,2022,0
Europe,2022,5.086858102
Europe,2022,29.21631236
Europe,2022,0
Europe,2022,0.131579618
Americas,2022,0.323450678
Europe,2022,81.97776566
Asia,2022,7.649109647
Europe,2022,79.11453825
Oceania,2022,1.422520982
Europe,2022,0.997766384
Europe,2022,5.702577208
Asia,2022,33.77060186
Europe,2022,0.147249089
Europe,2022,0.511584044
Europe,2022,4.207584242
Asia,2022,12.8974107
Europe,2023,0.924722272
Asia,2023,0.169871981
Europe,2023,20.3495367
Europe,2023,43.31978445
Europe,2023,1.53035631
Europe,2023,10.57430302
Americas,2023,0.554458085
Americas,2023,0.293799336
Asia,2023,0
Europe,2023,17.66003843
Europe,2023,11.86068577
Europe,2023,0.672479524
Americas,2023,2.769731374
Europe,2023,15.37624114
Europe,2023,7.679952253
Europe,2023,15.24560444
Europe,2023,9.635525765
Europe,2023,7.683364544
Americas,2023,0.19310518
Americas,2023,0
Americas,2023,5.514403161
Europe,2023,1.232025423
Europe,2023,0.788972854
Asia,2023,12.5103794
Europe,2023,48.3533857
Asia,2023,5.075140278
Americas,2023,0
Europe,2023,0
Europe,2023,17.93911143
Europe,2023,0
Africa,2023,0.119323816
Americas,2023,0.789272316
Europe,2023,6.168790669
Europe,2023,148.7927709
Asia,2023,11.15989315
Europe,2023,67.29298612
Oceania,2023,1.759189737
Asia,2023,2.932339491
Europe,2023,1.109309744
Americas,2023,0.13149924
Europe,2023,6.391722019
Asia,2023,37.91615245
Europe,2023,0.236225088
Europe,2023,0.416813571
Europe,2023,4.72055272
Asia,2023,19.0927965
Europe,2023,0
Europe,2019,2.426335165
Asia,2019,0.575825103
Europe,2019,71.01776897
Asia,2019,0.009890732
Europe,2019,19.45065096
Europe,2019,0.473086469
Americas,2019,0
Europe,2019,0.209234224
Americas,2019,0
Europe,2019,5.071393563
Americas,2019,3.364978718
Americas,2019,1.895488267
Americas,2019,0.480042868
Asia,2019,0
Europe,2019,3.809275956
Africa,2019,0.106248949
Americas,2019,0.928487891
Europe,2019,3.094753488
Europe,2019,3.466932063
Europe,2019,1.539364539
Europe,2019,5.420704893
Europe,2019,0.384383065
Americas,2019,0.163706287
Americas,2019,0
Europe,2019,0.200685617
Europe,2019,0.466201317
Europe,2019,0.533842132
Europe,2019,0.608216359
Europe,2019,0
Asia,2019,1.0432595
Europe,2019,0.546173859
Americas,2019,0.012722345
Europe,2019,0.793626386
Europe,2019,0
Asia,2019,1.76355193
Americas,2019,0.330601893
Americas,2019,0.986153693
Europe,2019,1.535608679
Europe,2019,2.639411951
Asia,2019,0.250185763
Europe,2019,1.661407083
Europe,2019,0.310510119
Asia,2019,4.321885429
Asia,2019,0.141104362
Americas,2019,0.016071182
Europe,2019,0.028710253
Europe,2019,0.51370251
Europe,2020,2.750740916
Asia,2020,0.804358437
Asia,2020,0.10377418
Europe,2020,127.0651876
Asia,2020,0.029464541
Europe,2020,33.72585713
Europe,2020,0.692275874
Americas,2020,0
Americas,2020,0
Europe,2020,6.099126546
Americas,2020,2.834188511
Americas,2020,3.134505389
Americas,2020,0.218500215
Asia,2020,0
Europe,2020,4.508021309
Africa,2020,0.129421648
Americas,2020,1.054367491
Europe,2020,3.334767283
Europe,2020,6.768599265
Europe,2020,2.29672534
Europe,2020,6.706594931
Europe,2020,1.317233809
Europe,2020,0.42058555
Americas,2020,0.195882712
Europe,2020,0.177037794
Europe,2020,0.260907619
Europe,2020,0.465677025
Americas,2020,0
Europe,2020,1.251893713
Europe,2020,0.052600475
Asia,2020,0
Europe,2020,0.065165026
Americas,2020,0.069401148
Europe,2020,9.648663226
Asia,2020,4.436630707
Americas,2020,1.420831391
Americas,2020,0.718666896
Europe,2020,1.865289817
Europe,2020,2.603534114
Asia,2020,0.178356445
Europe,2020,1.938897002
Asia,2020,0.088965589
Americas,2020,0.016039332
Europe,2020,0.057905455
Europe,2020,0.348302807
Europe,2020,5.945530851
Europe,2021,4.842724622
Asia,2021,0.388188923
Asia,2021,0.06967795
Europe,2021,150.8298738
Asia,2021,0.019541993
Europe,2021,36.22899229
Europe,2021,0.945148592
Americas,2021,0
Europe,2021,3.975460009
Americas,2021,0
Americas,2021,0
Europe,2021,8.682645683
Americas,2021,5.59714898
Americas,2021,2.209494738
Americas,2021,0.415020788
Asia,2021,0
Europe,2021,6.037247475
Africa,2021,0.156385794
Americas,2021,1.877567393
Europe,2021,4.478831639
Europe,2021,6.532760102
Europe,2021,3.374796407
Europe,2021,8.162394732
Europe,2021,0.729940327
Europe,2021,0.463157214
Americas,2021,0.17614987
Americas,2021,0.245253727
Americas,2021,0.097182896
Europe,2021,0.254802388
Europe,2021,0.676155986
Europe,2021,0.28963985
Asia,2021,0.014661728
Americas,2021,0
Europe,2021,0.966187897
Europe,2021,0.742474359
Asia,2021,0.576035207
Africa,2021,0.081181038
Americas,2021,0.076773539
Europe,2021,11.63286303
Europe,2021,1.159227325
Asia,2021,4.521399394
Americas,2021,2.232243025
Americas,2021,0.944025558
Europe,2021,1.64825192
Europe,2021,2.184592168
Asia,2021,0.035524206
Europe,2021,1.95343337
Asia,2021,0
Americas,2021,0.015985213
Europe,2021,0
Europe,2021,0.257222486
Europe,2021,4.68418647
Africa,2021,0
Asia,2021,0
Europe,2022,3.854848338
Asia,2022,0.173558411
Europe,2022,37.45977863
Europe,2022,0
Europe,2022,8.314204597
Americas,2022,4.909723357
Americas,2022,1.712003773
Asia,2022,0
Europe,2022,4.104120405
Americas,2022,1.68874405
Europe,2022,3.474924121
Europe,2022,5.777386199
Europe,2022,3.03449321
Europe,2022,9.307847334
Europe,2022,0.491506925
Europe,2022,0.509004579
Americas,2022,0.168087218
Americas,2022,0.181577145
Europe,2022,0.127974544
Europe,2022,0.645790605
Europe,2022,0.268370306
Americas,2022,0
Europe,2022,12.71714526
Europe,2022,0.8874943
Europe,2022,2.02013436
Europe,2022,0.065789809
Americas,2022,0.118961427
Europe,2022,6.815703381
Asia,2022,7.649109647
Europe,2022,4.394861331
Europe,2022,2.870288174
Europe,2022,4.627800533
Asia,2022,0.017699477
Europe,2022,0.014724909
Europe,2022,0.182708587
Europe,2022,5.767699747
Asia,2022,0
Europe,2023,7.646741866
Asia,2023,0.203846377
Europe,2023,199.881079
Europe,2023,37.52275377
Europe,2023,0
Europe,2023,8.454933121
Americas,2023,4.690003248
Americas,2023,1.312303699
Asia,2023,0
Europe,2023,2.712061474
Americas,2023,1.924351517
Europe,2023,3.462628486
Europe,2023,2.998838499
Europe,2023,3.392139039
Europe,2023,10.675987
Europe,2023,0.491794321
Europe,2023,0.527194009
Americas,2023,0.187587889
Americas,2023,0
Americas,2023,0.131518985
Europe,2023,0.128335982
Europe,2023,0.654270171
Europe,2023,0.200001839
Americas,2023,0
Europe,2023,12.62690035
Europe,2023,0.665709213
Europe,2023,0.212495139
Africa,2023,0.018561482
Europe,2023,0.097813222
Americas,2023,0.084014338
Europe,2023,11.63323051
Europe,2023,0.315680481
Asia,2023,11.15989315
Asia,2023,0.396897242
Europe,2023,1.52207616
Europe,2023,1.984519216
Americas,2023,0.146110267
Europe,2023,4.69179595
Asia,2023,0.086369368
Europe,2023,0.014764068
Europe,2023,0.144978633
Europe,2023,4.862169302
Asia,2023,0
Europe,2023,0
Europe,2019,0
Asia,2019,0.234595412
Europe,2019,0.653088727
Asia,2019,0.069235125
Americas,2019,0
Europe,2019,1.076061722
Europe,2019,0.211967258
Americas,2019,0
Europe,2019,9.326700806
Americas,2019,0.33858145
Americas,2019,10.72373489
Asia,2019,0
Europe,2019,0.221399953
Americas,2019,0.617069592
Europe,2019,4.599983447
Europe,2019,0.471630232
Americas,2019,0
Americas,2019,0
Europe,2019,0.050171404
Europe,2019,0.08107849
Europe,2019,0.202893271
Europe,2019,1.395319882
Europe,2019,0.156718277
Europe,2019,0.163487783
Americas,2019,0.023614421
Americas,2019,0.018490382
Europe,2019,12.25347709
Europe,2019,5.965264372
Asia,2019,0.035740823
Europe,2019,0.379457173
Europe,2019,1.651504367
Asia,2019,1.063242885
Asia,2019,0.458589177
Americas,2019,0
Europe,2019,0.24403715
Europe,2019,0.256851255
Europe,2020,0.278556042
Asia,2020,0.179922282
Asia,2020,1.176107379
Europe,2020,0.885510746
Asia,2020,0.049107568
Americas,2020,0
Americas,2020,0
Europe,2020,8.980877039
Americas,2020,0
Americas,2020,33.69741427
Asia,2020,0
Europe,2020,0.198496429
Americas,2020,0.575627657
Europe,2020,5.678517769
Europe,2020,0.594793035
Europe,2020,0.037385382
Americas,2020,1.670764312
Europe,2020,0.025291113
Europe,2020,0.040139634
Europe,2020,0.248694898
Americas,2020,0
Europe,2020,1.39496728
Europe,2020,0.052600475
Europe,2020,0
Americas,2020,0.139753907
Americas,2020,0.003045199
Europe,2020,13.39498151
Europe,2020,7.367037272
Asia,2020,0
Europe,2020,0.495037532
Asia,2020,0.16013806
Americas,2020,0
Europe,2020,0
Europe,2020,0.293307627
Europe,2021,0.421106489
Asia,2021,0.183878964
Asia,2021,2.891634936
Europe,2021,0.802939069
Asia,2021,0.039083987
Americas,2021,0
Europe,2021,0.030817519
Americas,2021,0
Americas,2021,0
Europe,2021,11.34716129
Americas,2021,0
Americas,2021,38.01073308
Asia,2021,0
Europe,2021,0.216256045
Americas,2021,0.542911053
Europe,2021,4.078630952
Europe,2021,0.593188494
Europe,2021,0.018904376
Americas,2021,1.585348831
Americas,2021,0.122626864
Americas,2021,0.417886454
Europe,2021,0.050960478
Europe,2021,0.019886941
Europe,2021,0.138960159
Americas,2021,0
Europe,2021,4.258383693
Europe,2021,0
Europe,2021,0
Americas,2021,0.01508028
Europe,2021,13.07034856
Europe,2021,6.082212555
Asia,2021,0.035524206
Europe,2021,0.498748945
Asia,2021,0.108180423
Americas,2021,0
Europe,2021,0
Europe,2021,0.385833729
Africa,2021,0
Asia,2021,0
Europe,2022,0.63658046
Asia,2022,1.353755604
Europe,2022,0.838419284
Europe,2022,15.86636855
Americas,2022,0
Asia,2022,0
Europe,2022,0.234283315
Americas,2022,0.763020567
Europe,2022,3.662938549
Europe,2022,0.632191284
Europe,2022,0.02881158
Americas,2022,1.305477397
Americas,2022,0.028670075
Europe,2022,0.204759271
Europe,2022,0.058708237
Europe,2022,0.097284236
Americas,2022,0
Europe,2022,0
Europe,2022,1.845988144
Europe,2022,0.106322861
Europe,2022,12.59321854
Europe,2022,9.714821511
Europe,2022,0.339128562
Asia,2022,0.973471228
Europe,2022,0
Europe,2022,0.109625152
Asia,2022,0
Europe,2023,1.244818443
Asia,2023,0.645513528
Europe,2023,0.876191031
Europe,2023,23.95564384
Americas,2023,0
Asia,2023,0
Europe,2023,0.227089317
Americas,2023,0.461621896
Europe,2023,3.76705967
Europe,2023,0.696881712
Europe,2023,0.04881426
Americas,2023,2.184847174
Americas,2023,0
Americas,2023,0.037576853
Europe,2023,0.025667196
Europe,2023,0.057729721
Europe,2023,0.075630947
Americas,2023,0
Europe,2023,2.52538007
Europe,2023,3.188396758
Europe,2023,0.053123785
Europe,2023,0.032604407
Asia,2023,0.006092721
Europe,2023,13.82251537
Europe,2023,10.93882331
Americas,2023,0
Europe,2023,0.292910338
Asia,2023,2.487437791
Europe,2023,0
Europe,2023,0.126856304
Asia,2023,0
Europe,2023,0
Europe,2019,3.951460125
Europe,2019,0
Europe,2019,1.339957905
Asia,2019,0.098907321
Europe,2019,6.918687924
Europe,2019,0.831485309
Americas,2019,0
Europe,2019,0.17934362
Europe,2019,0
Americas,2019,0
Americas,2019,0.494849812
Americas,2019,0.655205775
Americas,2019,0.840075019
Asia,2019,0
Europe,2019,0.511611933
Europe,2019,13.85963708
Europe,2019,12.98451481
Africa,2019,2.446035581
Americas,2019,0.692040664
Europe,2019,0.333086547
Europe,2019,0.075368088
Europe,2019,8.385009197
Europe,2019,0.908268544
Europe,2019,3.935350429
Asia,2019,20.12261892
Europe,2019,0.690390248
Americas,2019,2.081408506
Americas,2019,0
Europe,2019,0
Europe,2019,0.358226804
Europe,2019,3.648752765
Europe,2019,0.357774329
Europe,2019,21.92971848
Europe,2019,0.156718277
Africa,2019,26.94768851
Americas,2019,1.208622736
Europe,2019,0.992032983
Europe,2019,4.741145706
Asia,2019,4.238712533
Europe,2019,2.765501391
Europe,2019,3.515509991
Americas,2019,1.959996935
Americas,2019,0.412951859
Asia,2019,2.01977022
Europe,2019,0.151729648
Europe,2019,0.928144862
Americas,2019,4.481924796
Europe,2019,0.226570021
Americas,2019,0.25713892
Europe,2019,0.028710253
Europe,2019,0.898979392
Europe,2019,1.007948635
Europe,2019,14.47594032
Europe,2020,2.924838442
Europe,2020,1.322661621
Asia,2020,0.039286055
Europe,2020,6.490407758
Europe,2020,1.413396577
Americas,2020,0
Americas,2020,0
Americas,2020,0.294260009
Americas,2020,1.24432161
Americas,2020,0.536318708
Asia,2020,0
Europe,2020,0.540277728
Europe,2020,13.74886711
Europe,2020,18.21134419
Africa,2020,2.577080184
Americas,2020,0.495837685
Europe,2020,0.234901846
Europe,2020,0
Europe,2020,9.476252583
Europe,2020,0.889154894
Europe,2020,5.579948774
Europe,2020,0.317775749
Americas,2020,1.711093106
Europe,2020,0.30349336
Europe,2020,0.358994371
Europe,2020,3.134557176
Americas,2020,0
Europe,2020,2.579513504
Europe,2020,0.464989093
Europe,2020,35.8390541
Europe,2020,0.157801426
Europe,2020,0.097747538
Americas,2020,0.369087926
Europe,2020,0
Asia,2020,6.898049113
Africa,2020,0
Europe,2020,4.139089041
Europe,2020,4.294260182
Oceania,2020,3.353126643
Americas,2020,1.933262385
Americas,2020,0.487231794
Europe,2020,0.204343547
Europe,2020,0.973914613
Americas,2020,0.128314658
Europe,2020,0.072381819
Europe,2020,0.989913242
Europe,2020,1.093977677
Europe,2020,14.69041969
Europe,2021,2.175716859
Europe,2021,1.327079851
Asia,2021,0.02931299
Europe,2021,6.136112722
Europe,2021,1.250504291
Americas,2021,0
Europe,2021,0.092452558
Americas,2021,0
Americas,2021,0.714420301
Americas,2021,1.275685291
Americas,2021,0.434783683
Asia,2021,0
Europe,2021,0.541275459
Europe,2021,13.73763536
Europe,2021,55.06441982
Africa,2021,2.843987365
Americas,2021,0.418493937
Europe,2021,0.278617684
Europe,2021,0
Europe,2021,7.309051042
Europe,2021,0.936693055
Europe,2021,2.938009818
Europe,2021,0.472609402
Americas,2021,2.846809191
Americas,2021,0
Americas,2021,0.233238951
Europe,2021,0.025480239
Europe,2021,0.391435817
Europe,2021,3.388618828
Asia,2021,0.058646912
Asia,2021,2.920051676
Americas,2021,0
Europe,2021,0
Europe,2021,0.178923685
Europe,2021,20.92853997
Europe,2021,0.795508242
Africa,2021,0.154243972
Europe,2021,0.033071205
Americas,2021,0.452023795
Europe,2021,5.339674833
Asia,2021,5.35980458
Africa,2021,0.547035905
Africa,2021,23.66087035
Europe,2021,4.483783045
Europe,2021,4.141942521
Oceania,2021,2.310239068
Americas,2021,2.485383986
Americas,2021,0.419231797
Europe,2021,0.202416903
Europe,2021,0.866137864
Europe,2021,0.155859045
Americas,2021,0.143866917
Europe,2021,0.087777945
Europe,2021,0.808413527
Europe,2021,1.040930327
Europe,2021,12.98946735
Asia,2021,0.80443533
Europe,2022,2.015838122
Europe,2022,1.158342432
Europe,2022,5.583319447
Europe,2022,1.362464884
Americas,2022,7.645871269
Americas,2022,1.625499475
Americas,2022,0.570667924
Asia,2022,0
Europe,2022,0.468462496
Europe,2022,11.36928168
Europe,2022,154.4663571
Americas,2022,0.516160972
Europe,2022,0.307348884
Europe,2022,0.370345269
Europe,2022,6.984721057
Europe,2022,0.953567761
Europe,2022,2.402922745
Europe,2022,0.460985279
Americas,2022,2.711807124
Americas,2022,0.410937748
Europe,2022,0.076784727
Europe,2022,0.557603227
Europe,2022,2.817888213
Asia,2022,2.350214319
Americas,2022,0
Europe,2022,0
Europe,2022,0.248498404
Europe,2022,37.65426193
Europe,2022,0.425291444
Americas,2022,0.453297464
Europe,2022,0
Asia,2022,5.168317329
Europe,2022,3.714166462
Europe,2022,2.858817569
Oceania,2022,2.085065001
Europe,2022,0.226646672
Europe,2022,0.681573446
Europe,2022,0.057390987
Europe,2022,0.500646902
Europe,2022,0.840459501
Europe,2022,0.992800776
Europe,2022,12.06216487
Asia,2022,1.090118371
Europe,2023,2.916431781
Europe,2023,1.467619977
Europe,2023,4.115123394
Europe,2023,1.353776735
Americas,2023,5.478452818
Americas,2023,1.658984863
Americas,2023,0.313385958
Asia,2023,0
Europe,2023,0.379288411
Europe,2023,10.85179417
Europe,2023,144.3309178
Americas,2023,0.378196252
Europe,2023,0.25463573
Europe,2023,0
Europe,2023,7.355585706
Europe,2023,1.092734606
Europe,2023,2.094679514
Europe,2023,0.429565489
Americas,2023,1.600014345
Americas,2023,0
Americas,2023,0.657594925
Europe,2023,0.154003178
Europe,2023,0.361328982
Europe,2023,2.721033419
Asia,2023,0.014137242
Asia,2023,2.382666754
Americas,2023,0
Europe,2023,0
Europe,2023,0.175186635
Europe,2023,23.75589763
Europe,2023,0.159371354
Africa,2023,0.159098421
Europe,2023,0.097813222
Americas,2023,0.246647599
Europe,2023,0.18763275
Asia,2023,4.137610515
Europe,2023,2.100314967
Europe,2023,2.98958158
Oceania,2023,2.010502556
Asia,2023,0.0461306
Europe,2023,0.211542788
Europe,2023,1.169620021
Americas,2023,23.94747277
Europe,2023,0.17783842
Europe,2023,1.417350526
Europe,2023,0.4349359
Europe,2023,0.84969949
Europe,2023,13.45780986
Asia,2023,0.721035485
Europe,2023,0
Europe,2019,0
Europe,2019,0
Europe,2019,0.225203009
Europe,2019,15.83030608
Americas,2019,0
Europe,2019,0.08967181
Americas,2019,0
Americas,2019,0.151059416
Americas,2019,0.03807006
Americas,2019,0.240021434
Asia,2019,0
Europe,2019,0.084969712
Europe,2019,1.651011154
Africa,2019,0.702166966
Europe,2019,0.002108143
Europe,2019,0.150736177
Europe,2019,3.09683925
Europe,2019,1.760245737
Europe,2019,0.256255377
Europe,2019,0.102625577
Americas,2019,0
Americas,2019,0
Europe,2019,0.125428511
Europe,2019,4.104255668
Europe,2019,10.72673443
Europe,2019,0
Europe,2019,0.156718277
Africa,2019,17.48921002
Americas,2019,0.054865111
Europe,2019,0
Asia,2019,0
Europe,2019,2.622949773
Europe,2019,1.83255308
Americas,2019,0.047228842
Americas,2019,0.009245191
Europe,2019,0.442108802
Americas,2019,0.199537748
Europe,2019,0.087172594
Europe,2019,0.042993709
Europe,2019,0.301457655
Europe,2019,5.081985545
Europe,2019,0.047997554
Europe,2019,0.476694271
Europe,2020,0
Europe,2020,0.246597929
Europe,2020,19.0292863
Americas,2020,0
Americas,2020,0
Americas,2020,0.030974738
Americas,2020,0.088880115
Americas,2020,0.496591397
Asia,2020,0
Europe,2020,0.060983843
Europe,2020,1.800556629
Africa,2020,0.801505996
Europe,2020,0.006292014
Europe,2020,0.075206658
Europe,2020,3.87007262
Europe,2020,2.275993755
Europe,2020,0.420783022
Europe,2020,0.112156147
Europe,2020,0.3793667
Europe,2020,4.861809476
Europe,2020,9.393656968
Asia,2020,4.559614297
Americas,2020,0
Europe,2020,0
Europe,2020,0.315602853
Americas,2020,0.446375568
Europe,2020,0.578919794
Asia,2020,0
Africa,2020,2.182005778
Europe,2020,2.324693845
Europe,2020,1.505779544
Americas,2020,0.069876954
Americas,2020,0.018271192
Europe,2020,0.924785541
Europe,2020,0.087662896
Americas,2020,0.016039332
Europe,2020,0.072381819
Europe,2020,7.057714783
Europe,2020,0.14269274
Europe,2020,0.74369646
Europe,2021,1.158042844
Europe,2021,0.691419754
Europe,2021,14.73531294
Americas,2021,0
Europe,2021,0
Americas,2021,0
Americas,2021,0.061676573
Americas,2021,0.205125506
Americas,2021,0.375494999
Asia,2021,0
Europe,2021,0.02748005
Europe,2021,1.929388974
Africa,2021,1.378429069
Europe,2021,0
Europe,2021,0.22526759
Europe,2021,3.158231932
Europe,2021,2.058000897
Europe,2021,0.164236574
Europe,2021,0.113426257
Americas,2021,0
Europe,2021,0.356723343
Europe,2021,5.304985414
Europe,2021,10.50237446
Asia,2021,4.552856572
Asia,2021,0.014661728
Asia,2021,2.607602289
Americas,2021,0
Europe,2021,0.035784737
Europe,2021,0.37123718
Africa,2021,8.258817597
Americas,2021,0.006267228
Europe,2021,0
Asia,2021,0
Africa,2021,3.985547311
Europe,2021,1.973992536
Europe,2021,1.719645779
Americas,2021,0
Americas,2021,0.018096337
Europe,2021,0.825440356
Europe,2021,0.072734221
Americas,2021,0.015985213
Europe,2021,0.102407603
Europe,2021,7.790166715
Europe,2021,0.615095193
Europe,2021,0.873644884
Africa,2021,0
Asia,2021,0
Europe,2022,1.980472541
Europe,2022,0.353018646
Europe,2022,12.55817389
Americas,2022,0.046028656
Americas,2022,0.475473093
Americas,2022,0.354207677
Asia,2022,0
Europe,2022,0.022595853
Europe,2022,2.100661141
Europe,2022,0
Europe,2022,0
Europe,2022,2.477870195
Europe,2022,2.234547236
Europe,2022,0.091019801
Europe,2022,0.0480193
Americas,2022,0.019113384
Europe,2022,0.332733815
Europe,2022,9.43795092
Europe,2022,8.331220686
Asia,2022,4.220081768
Asia,2022,2.392699705
Americas,2022,0
Europe,2022,0.035499772
Europe,2022,0.106322861
Americas,2022,0.00544268
Europe,2022,0
Europe,2022,1.563859563
Europe,2022,1.502711799
Europe,2022,0.643468138
Europe,2022,0.06260835
Europe,2022,1.266342164
Europe,2022,5.956299943
Europe,2022,0.425486047
Europe,2022,0.696077498
Asia,2022,0
Europe,2023,1.280384684
Europe,2023,0.3614288
Europe,2023,13.43818303
Americas,2023,0.076301571
Americas,2023,0.370786939
Americas,2023,0.74429165
Asia,2023,0
Europe,2023,0.027203408
Europe,2023,1.748446761
Europe,2023,0.002087178
Europe,2023,0.219427207
Europe,2023,2.695857868
Europe,2023,3.282719251
Europe,2023,0.218575254
Europe,2023,0.029288556
Americas,2023,0
Americas,2023,0.009394213
Europe,2023,0.231004767
Europe,2023,9.363582488
Europe,2023,8.181587821
Asia,2023,4.063650026
Asia,2023,8.176044638
Americas,2023,0
Europe,2023,0
Europe,2023,0.053123785
Africa,2023,9.922438194
Americas,2023,0.080931243
Europe,2023,0
Europe,2023,1.160700377
Europe,2023,1.177713956
Asia,2023,0.001740777
Europe,2023,1.124788485
Americas,2023,1.095827003
Europe,2023,0.256296546
Europe,2023,3.026633936
Europe,2023,6.215958904
Europe,2023,0.566466326
Europe,2023,0.824527787
Asia,2023,0
Europe,2023,0
Europe,2019,0
Americas,2019,3.555429812
Europe,2019,0
Asia,2019,0.009890732
Europe,2019,1.592603635
Americas,2019,0
Europe,2019,0.239124827
Americas,2019,0
Americas,2019,0.661536064
Americas,2019,0.00801475
Americas,2019,7.540673382
Asia,2019,0
Europe,2019,3.302022308
Africa,2019,0.023097598
Americas,2019,0.438292421
Europe,2019,0.946556074
Europe,2019,0.740915881
Americas,2019,0.584665311
Americas,2019,0
Europe,2019,0.025085702
Europe,2019,1.504552577
Europe,2019,0.520537655
Europe,2019,0
Europe,2019,0.052239426
Africa,2019,0.679353492
Americas,2019,0.008746612
Europe,2019,0.992032983
Asia,2019,3.839233713
Europe,2019,3.269755659
Asia,2019,8.817759649
Europe,2019,0.171061942
Europe,2019,1.608158826
Americas,2019,1.32240757
Americas,2019,0.505403768
Europe,2019,0.039240426
Europe,2019,1.969075061
Europe,2019,0.745906724
Asia,2019,0.134546167
Americas,2019,0.851772672
Europe,2019,0.129196138
Europe,2019,4.623322589
Europe,2019,0.335982878
Europe,2019,0.856103997
Europe,2020,0.034819505
Americas,2020,2.538061827
Europe,2020,0
Europe,2020,1.421130671
Americas,2020,0
Americas,2020,0
Americas,2020,0
Americas,2020,0.025676478
Americas,2020,4.548777193
Asia,2020,0
Europe,2020,1.972038213
Africa,2020,0.024976108
Americas,2020,0.507236252
Europe,2020,0.950094075
Europe,2020,0.738939306
Americas,2020,0.858427181
Europe,2020,0.025291113
Europe,2020,0.471821173
Europe,2020,0.545793502
Asia,2020,0.108467991
Americas,2020,0
Europe,2020,0
Europe,2020,0.105200951
Americas,2020,0.055994108
Europe,2020,1.157839587
Asia,2020,10.51420702
Europe,2020,0.141749625
Europe,2020,0.725004966
Americas,2020,0.791938808
Americas,2020,0.414147025
Europe,2020,0.060255149
Europe,2020,1.438702828
Americas,2020,0.336825978
Europe,2020,0.086858183
Europe,2020,6.929392696
Europe,2020,0.570770962
Europe,2020,1.381150569
Europe,2021,0
Americas,2021,3.639189962
Europe,2021,0
Europe,2021,1.417355615
Americas,2021,0
Europe,2021,4.530175359
Americas,2021,0
Americas,2021,0.344360865
Americas,2021,0.037117949
Americas,2021,4.367599722
Asia,2021,0
Europe,2021,1.348864858
Africa,2021,0.044681655
Americas,2021,0.582498318
Europe,2021,0.856801749
Europe,2021,0.65069146
Americas,2021,0.943254143
Americas,2021,0
Americas,2021,0.00971829
Europe,2021,0.20384191
Europe,2021,0.597454668
Europe,2021,0.468781261
Asia,2021,0.024665948
Asia,2021,0.135008994
Americas,2021,0
Europe,2021,0
Europe,2021,0
Africa,2021,0.119065522
Americas,2021,0.23110402
Europe,2021,6.293188196
Asia,2021,11.19869784
Europe,2021,0.056399787
Europe,2021,0.499252
Americas,2021,1.035576661
Americas,2021,0.476536863
Europe,2021,0.236591185
Europe,2021,1.75081661
Americas,2021,0.799260652
Europe,2021,0.087777945
Europe,2021,7.404332986
Europe,2021,0.993615312
Europe,2021,2.496128241
Africa,2021,0
Asia,2021,8.208865206
Europe,2022,0.141462324
Americas,2022,3.776875497
Europe,2022,0
Europe,2022,1.640636945
Americas,2022,0.107400198
Americas,2022,0.086976785
Americas,2022,2.715592192
Asia,2022,0
Europe,2022,2.761352951
Americas,2022,0.628369879
Europe,2022,0.903229374
Europe,2022,0.689526055
Americas,2022,0.784407019
Americas,2022,0.057340151
Europe,2022,0.511898177
Europe,2022,0.805426884
Europe,2022,0.47132535
Asia,2022,0.001600031
Asia,2022,0.1969777
Americas,2022,0
Europe,2022,0
Europe,2022,0.053161431
Americas,2022,0.2332577
Europe,2022,7.76232885
Asia,2022,2.155926657
Europe,2022,0.083778191
Europe,2022,0.95293919
Europe,2022,0.067733488
Europe,2022,0
Europe,2022,0.13252418
Europe,2022,6.120737671
Europe,2022,0.709143411
Europe,2022,1.420760921
Asia,2022,4.894380564
Africa,2022,3.478735885
Europe,2023,0.213397447
Americas,2023,3.473991105
Europe,2023,0
Europe,2023,1.920960091
Americas,2023,0.68162737
Americas,2023,0.078362188
Americas,2023,2.624607398
Asia,2023,0
Europe,2023,2.437738273
Americas,2023,0.628473183
Europe,2023,0.864091738
Europe,2023,0.734510314
Americas,2023,0.468969722
Americas,2023,0
Americas,2023,0.103336345
Europe,2023,0.102668785
Europe,2023,2.291858117
Europe,2023,0.389919551
Asia,2023,0.012060695
Asia,2023,0.156525553
Americas,2023,0
Europe,2023,0
Europe,2023,0.053123785
Africa,2023,0.053032807
Americas,2023,0.196547305
Europe,2023,7.880575507
Asia,2023,0.009236374
Asia,2023,2.010529053
Europe,2023,0.027635723
Europe,2023,0.833459107
Asia,2023,2.027135255
Europe,2023,1.26667694
Americas,2023,0
Europe,2023,0.057535959
Europe,2023,0.236225088
Europe,2023,7.067708374
Europe,2023,0.283233163
Europe,2023,1.677487567
Asia,2023,9.649602555
Europe,2023,0
Africa,2023,3.579991373
Europe,2019,10.36391735
Europe,2019,0
Europe,2019,0.101341354
Asia,2019,1.671533731
Europe,2019,1.148763278
Americas,2019,0
Europe,2019,0.777155688
Europe,2019,0.063590177
Americas,2019,0
Americas,2019,5.792347267
Americas,2019,6.610164686
Americas,2019,25.722297
Asia,2019,0
Europe,2019,0.07539566
Europe,2019,15.4438335
Africa,2019,1.261128827
Americas,2019,1.920412844
Europe,2019,0.815851226
Europe,2019,1.205889413
Europe,2019,4.618093618
Europe,2019,5.372020482
Europe,2019,0
Americas,2019,5.297067713
Americas,2019,0
Europe,2019,2.107198982
Europe,2019,2.047010308
Europe,2019,0.236154463
Europe,2019,0.214664597
Europe,2019,19.53754526
Africa,2019,1.546495754
Americas,2019,0.051684525
Europe,2019,0
Europe,2019,5.885560187
Asia,2019,1.485096362
Europe,2019,0
Europe,2019,26.17932972
Americas,2019,0.77927589
Americas,2019,0.542384531
Europe,2019,2.294256919
Europe,2019,14.47577838
Europe,2019,14.10876086
Americas,2019,0.176783007
Europe,2019,10.04858851
Europe,2019,5.614034573
Europe,2019,2.49587281
Europe,2019,30.00255372
Europe,2020,14.03226062
Europe,2020,0.134507961
Asia,2020,1.777693968
Europe,2020,1.577108427
Americas,2020,0
Americas,2020,0
Americas,2020,0.722743883
Americas,2020,2.13312276
Americas,2020,29.85507477
Asia,2020,0
Europe,2020,0.119576162
Europe,2020,22.13827246
Africa,2020,1.096678175
Americas,2020,1.590100162
Europe,2020,0.880881924
Europe,2020,1.128099877
Europe,2020,5.31682874
Europe,2020,5.075466073
Europe,2020,0
Americas,2020,8.313492767
Europe,2020,2.579693563
Europe,2020,2.28730699
Europe,2020,0.191945727
Asia,2020,0.446539757
Americas,2020,0
Europe,2020,0.286147134
Europe,2020,17.25295595
Americas,2020,0.024448132
Europe,2020,75.25957316
Asia,2020,0.911636447
Europe,2020,0.028349925
Europe,2020,31.78867927
Americas,2020,1.467416027
Americas,2020,0.724757293
Europe,2020,2.486179827
Europe,2020,15.06254825
Americas,2020,0.080196661
Europe,2020,8.32390922
Europe,2020,5.719498734
Europe,2020,3.186804536
Europe,2020,14.07228237
Europe,2021,15.19492581
Europe,2021,0.178430904
Asia,2021,1.924886343
Europe,2021,1.348216316
Americas,2021,0
Europe,2021,0.277357675
Americas,2021,0
Americas,2021,1.480237747
Americas,2021,2.908875035
Americas,2021,34.32814804
Asia,2021,0
Europe,2021,0.056154884
Europe,2021,26.6016639
Africa,2021,1.342683744
Americas,2021,1.679631072
Europe,2021,1.06209899
Europe,2021,1.727051521
Europe,2021,4.475665823
Europe,2021,5.465808263
Europe,2021,0
Americas,2021,8.608614621
Americas,2021,0
Americas,2021,5.111820341
Europe,2021,2.777346029
Europe,2021,2.235304534
Europe,2021,0.294662507
Asia,2021,0.408977329
Americas,2021,0
Europe,2021,0.322062632
Europe,2021,12.67509799
Americas,2021,0.085390977
Europe,2021,110.2261448
Europe,2021,16.22918255
Asia,2021,0.988120397
Europe,2021,0
Europe,2021,29.8071935
Americas,2021,1.495832955
Americas,2021,1.001330624
Europe,2021,2.471063485
Europe,2021,16.69769907
Americas,2021,0.079926065
Europe,2021,7.387977055
Europe,2021,4.262544052
Europe,2021,2.602325817
Europe,2021,8.342828621
Africa,2021,0
Asia,2021,0
Europe,2022,14.9596408
Europe,2022,0.16547749
Europe,2022,0.987818056
Americas,2022,0.388686432
Americas,2022,3.55445129
Americas,2022,31.81965634
Asia,2022,0
Europe,2022,0.042813195
Europe,2022,22.92092358
Americas,2022,2.064643888
Europe,2022,1.099765396
Europe,2022,0.888828646
Europe,2022,4.542762024
Europe,2022,6.352089038
Europe,2022,0
Americas,2022,8.146627187
Americas,2022,2.188482428
Europe,2022,2.508301069
Europe,2022,2.044545166
Europe,2022,0.192891157
Asia,2022,0.38240741
Americas,2022,0
Europe,2022,0.141999088
Europe,2022,11.3233847
Americas,2022,0.053649271
Europe,2022,61.15200533
Asia,2022,14.55988825
Europe,2022,0
Europe,2022,28.77143323
Europe,2022,1.706362876
Europe,2022,21.29727371
Europe,2022,10.07183768
Europe,2022,3.28875457
Europe,2022,2.742021191
Europe,2022,7.284975463
Asia,2022,0
Africa,2022,5.414132772
Europe,2023,13.26620798
Europe,2023,0.284762085
Europe,2023,0.981824046
Americas,2023,1.154697112
Americas,2023,4.13599452
Americas,2023,29.12530747
Asia,2023,0
Europe,2023,0.136017039
Europe,2023,19.98945384
Americas,2023,1.974406903
Europe,2023,1.24813251
Europe,2023,0.511996817
Europe,2023,4.588314385
Europe,2023,5.978432309
Europe,2023,0
Americas,2023,5.88143204
Americas,2023,0
Americas,2023,1.493679902
Europe,2023,1.925039723
Europe,2023,1.878910709
Europe,2023,0.20672459
Asia,2023,0.335287309
Americas,2023,0
Europe,2023,0.070074654
Europe,2023,12.2184705
Americas,2023,0.512564541
Europe,2023,63.60750231
Asia,2023,0.04987642
Europe,2023,22.09763366
Asia,2023,11.59696468
Europe,2023,0
Europe,2023,25.42050277
Asia,2023,1.24726699
Europe,2023,1.733618949
Americas,2023,1.051993923
Europe,2023,30.26914511
Europe,2023,8.947025195
Europe,2023,3.171407604
Europe,2023,2.265865306
Europe,2023,7.600819372
Asia,2023,0
Europe,2023,0
Africa,2023,4.265391431
